tre_acc_a_9000,Drops,Gorgonopsid Omega Drop,Missable,
tre_acc_a_9010,Drops,Zaltys Omega Drop,Missable,
tre_acc_a_9020,Drops,Miniflan Omega Drop,Missable,
tre_acc_a_9030,Drops,Hanuman Omega Drop,Missable,
tre_acc_a_9040,Drops,Zomok Omega Drop,Missable,
tre_acc_a_9050,Drops,Snow Drop,Missable,
tre_acc_a_9060,Drops,Grendel/Parandus Drop,Missable,
tre_acc_a_9070,Drops,Goblin Omega Drop,Missable,
tre_acc_a_9080,Drops,Gremlin Omega Drop,Missable,
tre_acc_a_9090,Drops,Niblet Omega Drop,Missable,
tre_acc_a_9100,Drops,Goblot Omega Drop,Missable,
tre_acc_a_9110,Drops,Triffid Omega Drop,Missable,
tre_acc_a_9120,Drops,Schrodinger Omega Drop,Missable,
tre_acc_a_9130,Drops,Earth Eater Omega Drop,Missable,
tre_acc_a_9140,Drops,Chocobo Eater Omega Drop,Missable,
tre_acc_a_9150,Drops,Desert Sahagin Omega Drop,Missable,
tre_acc_a_9160,Drops,Sugriva Omega Drop,Missable,
tre_acc_a_9170,Drops,Chimera Omega Drop,Missable,
tre_acc_a_9180,Drops,Rafflesia Omega Drop,Missable,
tre_acc_a_9190,Drops,Cactuar Omega Drop,Missable,
tre_acc_a_9200,Drops,Aeronite Drop,Missable,
tre_acc_a_9210,Drops,Ereshkigal Drop,Missable,
tre_acc_a_9220,Drops,Gurangatch Omega Drop,Missable,
tre_acc_b_9000,Drops,Skata'ne Omega Drop,Missable,
tre_acc_b_9010,Drops,Dryad Omega Drop,Missable,
tre_acc_b_9020,Drops,Dreadnought Omega Drop,Missable,
tre_acc_b_9030,Drops,Hoplite Omega Drop,Missable,
tre_acc_b_9040,Drops,Aster Protoflorian Omega Drop,Missable,
tre_acc_b_9050,Drops,Gaunt Omega Drop,Missable,
tre_acc_b_9070,Drops,Arcangeli Omega Drop,Missable,
tre_acc_b_9080,Drops,Ectopudding Omega Drop,Missable,
tre_acc_b_9090,Drops,Meonekton Omega Drop,Missable,
tre_box_b_000,Luxerion,Luxerion Cathedral Proof of Courage,,
tre_box_b_001,Luxerion,Luxerion Pilgrim's Passage Violet Amulet,,
tre_box_b_002,Yusnaan,Yusnaan Reveler's Quarter Lapis Lazuli,,
tre_box_b_003,Yusnaan,Yusnaan Industrial Area Power Booster,,I(key_y_id|1)
tre_box_b_004,Wildlands,Wildlands Moogle Village Moogle Dust,,
tre_box_b_005,Wildlands,Wildlands Research Camp Photo Frame,,
tre_box_b_006,Wildlands,Wildlands Poltae Etro's Forbidden Tome,,
tre_box_b_007,Wildlands,Wildlands North Broken Gyroscope,,
tre_box_b_008,Dead Dunes,Dead Dunes Temple Ruins Golden Scarab,,
tre_box_b_009,Dead Dunes,Dead Dunes Oasis Lighthouse Key to the Sand Gate,,
tre_box_b_010,Wildlands,Wildlands South of Aryas Village Key to the Green Gate,,
tre_box_b_011,Dead Dunes,Dead Dunes Shrine at Grave of the Colossi Bandit's Bloodseal,,
tre_box_b_012,Yusnaan,Yusnaan Tunnel Oath of the Merchants Guild,,
tre_box_b_013,Yusnaan,Yusnaan Industrial Area Jade Hair Comb,,I(key_y_id|1)
tre_box_b_014,Yusnaan,Yusnaan Industrial Area Bronze Pocket Watch,,
tre_box_d_001,Dead Dunes,Dead Dunes Giant's Sandbox,,
tre_box_d_002,Dead Dunes,Dead Dunes Temple Ruins Golden Chamber Lower,,
tre_box_d_003,Dead Dunes,Dead Dunes Giant's Sandbox,,
tre_box_d_004,Dead Dunes,Dead Dunes Giant's Sandbox,,
tre_box_d_005,Dead Dunes,Dead Dunes Giant's Sandbox,,
tre_box_d_006,Dead Dunes,Dead Dunes Ruffian Cliff,,
tre_box_d_007,Dead Dunes,Dead Dunes Dry Floodlands,,
tre_box_d_008,Dead Dunes,Dead Dunes Oasis Lighthouse,,
tre_box_d_009,Dead Dunes,Dead Dunes Oasis Lighthouse,,
tre_box_d_010,Dead Dunes,Dead Dunes Atomos's Sand,,
tre_box_d_011,Dead Dunes,Dead Dunes Grave of the Colossi,,
tre_box_d_012,Dead Dunes,Dead Dunes Grave of the Colossi,,
tre_box_d_013,Dead Dunes,Dead Dunes Grave of the Colossi,,
tre_box_d_014,Dead Dunes,Dead Dunes Atomos's Sand,,
tre_box_d_015,Dead Dunes,Dead Dunes Ruffian 2nd Floor,,
tre_box_d_016,Dead Dunes,Dead Dunes Temple Ruins Chamber of Dusk Upper,,
tre_box_d_017,Dead Dunes,Dead Dunes Temple Ruins Chamber of Plenilune Upper,,
tre_box_d_018,Dead Dunes,Dead Dunes Temple Ruins Chamber of Plenilune Upper,,
tre_box_d_019,Dead Dunes,Dead Dunes Temple Ruins Chamber of Plenilune Upper,,
tre_box_d_020,Dead Dunes,Dead Dunes Temple Ruins Chamber of Plenilune Lower,,
tre_box_d_021,Dead Dunes,Dead Dunes Temple Ruins Chamber of Plenilune Lower,,
tre_box_d_022,Dead Dunes,Dead Dunes Temple Ruins Chamber of Plenilune Lower,,
tre_box_d_023,Dead Dunes,Dead Dunes Temple Ruins Sacred Grove,,
tre_box_d_024,Dead Dunes,Dead Dunes Temple Ruins Golden Chamber Upper,,
tre_box_d_025,Dead Dunes,Dead Dunes Shrine at Dry Floodlands,,
tre_box_d_026,Dead Dunes,Dead Dunes Temple Ruins Golden Chamber Lower,,
tre_box_d_027,Dead Dunes,Dead Dunes Temple Ruins Golden Chamber Lower,,
tre_box_d_028,Dead Dunes,Dead Dunes Temple Ruins Golden Chamber Lower,,
tre_box_d_029,Dead Dunes,Dead Dunes Temple Ruins Scorched Earth Lower,,
tre_box_d_030,Dead Dunes,Dead Dunes Temple Ruins Scorched Earth Upper,,
tre_box_d_031,Dead Dunes,Dead Dunes Temple Ruins Scorched Earth Upper,,
tre_box_d_032,Dead Dunes,Dead Dunes Temple Ruins Golden Chamber Upper,,
tre_box_d_033,Dead Dunes,Dead Dunes Shrine at Atomos's Sands,,
tre_box_d_034,Dead Dunes,Dead Dunes Giant's Sandbox,,
tre_box_d_035,Dead Dunes,Dead Dunes Dry Floodlands,,
tre_box_e_000,Ultimate Lair & Final Day,Ultimate Lair,Missable,
tre_box_e_001,Ultimate Lair & Final Day,Ultimate Lair,Missable,
tre_box_e_002,Ultimate Lair & Final Day,Ultimate Lair,Missable,
tre_box_e_003,Ultimate Lair & Final Day,Ultimate Lair,Missable,
tre_box_l_000,Luxerion,Luxerion North Station Plaza Ladder,,
tre_box_l_001,Luxerion,Luxerion The Avenue Ladder,,
tre_box_l_002,Luxerion,Luxerion Gallery Steps,,
tre_box_l_003,Luxerion,Luxerion 2nd Ave,,
tre_box_l_004,Luxerion,Luxerion Pilgrim's Passage Grass Area,,
tre_box_l_005,Luxerion,Luxerion Old Theater Platform,,
tre_box_l_006,Luxerion,Luxerion Forsaken Graveyard,,
tre_box_l_009,Luxerion,Luxerion South Station (Supply Sphere),,I(key_kyu_pass|1)
tre_box_l_010,Luxerion,Luxerion Warehouse District (Supply Sphere),,I(key_kyu_pass|1)
tre_box_l_011,Luxerion,Luxerion Residences (Supply Sphere),,I(key_kyu_pass|1)
tre_box_l_012,Luxerion,Luxerion Forsaken Graveyard,,
tre_box_l_013,Luxerion,Luxerion Den of Shadows,,
tre_box_l_014,Luxerion,Luxerion Near Phone,,
tre_box_l_015,Luxerion,Luxerion Den of Shadows,,
tre_box_l_016,Luxerion,Luxerion Near Phone,,
tre_box_l_017,Luxerion,Luxerion Near Phone,,
tre_box_l_019,Luxerion,Luxerion Marketplace,,
tre_box_l_020,Luxerion,Luxerion Forsaken Graveyard,,
tre_box_l_026,Ultimate Lair & Final Day,Final Day Altar of Salvation,Missable,
tre_box_l_027,Ultimate Lair & Final Day,Final Day Altar of Judgment,Missable,
tre_box_l_028,Ultimate Lair & Final Day,Final Day Altar of Atonement,Missable,
tre_box_l_029,Ultimate Lair & Final Day,Final Day Altar of Birth,Missable,
tre_box_l_030,Ultimate Lair & Final Day,Final Day Temple of Light,Missable,
tre_box_l_031,Ultimate Lair & Final Day,Final Day Temple of Light,Missable,
tre_box_l_032,Ultimate Lair & Final Day,Final Day Temple of Light,Missable,
tre_box_p_000,Ark,Ark Day 1,Same,
tre_box_p_001,Ark,Ark Day 1,Same,
tre_box_p_002,Ark,Ark Day 1,Same,
tre_box_p_004,Ark,Ark Day 1,,
tre_box_p_004_2,Ark,Ark Day 1,,
tre_box_p_100,Ark,Ark Day 2,,
tre_box_p_100_2,Ark,Ark Day 2,,
tre_box_p_100_3,Ark,Ark Day 2,,
tre_box_p_101,Ark,Ark Day 3,,
tre_box_p_102,Ark,Ark Day 4,,
tre_box_p_102_2,Ark,Ark Day 4,,
tre_box_p_103,Ark,Ark Day 5,,
tre_box_p_104,Ark,Ark Day 6,,
tre_box_p_105,Ark,Ark Day 7,,
tre_box_p_106,Ark,Ark Day 8,,
tre_box_p_107,Ark,Ark Day 9,,
tre_box_p_108,Ark,Ark Day 10,Missable,
tre_box_p_109,Ark,Ark Day 11,Missable,
tre_box_p_110,Ark,Ark Day 12,Missable,
tre_box_p_111,Ark,Ark Day Final Day,Missable,
tre_box_p_111_2,Ark,Ark Day Final Day,Missable,
tre_box_p_111_3,Ark,Ark Day Final Day,Missable,
tre_box_p_112,Ark,Ark Day Extra Day,Missable,
tre_box_w_000,Wildlands,Wildlands Jagd Woods,,
tre_box_w_001,Wildlands,Wildlands Grasslands,,
tre_box_w_002,Wildlands,Wildlands Poltae,,
tre_box_w_003,Wildlands,Wildlands Canopus Farms,,
tre_box_w_004,Wildlands,Wildlands Rocky Crag,,
tre_box_w_005,Wildlands,Wildlands Grasslands,,
tre_box_w_006,Wildlands,Wildlands Aryas Village,,
tre_box_w_007,Wildlands,Wildlands Grasslands,,
tre_box_w_008,Wildlands,Wildlands Eremite Plains,,
tre_box_w_009,Wildlands,Wildlands Eremite Plains,,
tre_box_w_010,Wildlands,Wildlands Moogle Village,,
tre_box_w_011,Wildlands,Wildlands City of Ruins,,
tre_box_w_012,Wildlands,Wildlands Rocky Crag,,
tre_box_w_013,Wildlands,Wildlands Rocky Crag,,
tre_box_w_014,Wildlands,Wildlands Aryas Village,,
tre_box_w_015,Wildlands,Wildlands Poltae,,
tre_box_w_016,Wildlands,Wildlands Crash Site Fragment,,
tre_box_w_050,Wildlands,Wildlands Goddess Temple,,
tre_box_w_051,Wildlands,Wildlands Goddess Temple,,
tre_box_w_052,Wildlands,Wildlands Goddess Temple,,
tre_box_w_053,Wildlands,Wildlands Goddess Temple,,
tre_box_w_054,Wildlands,Wildlands Goddess Temple,,
tre_box_w_056,Wildlands,Wildlands Goddess Temple,,
tre_box_w_057,Wildlands,Wildlands Goddess Temple,,
tre_box_w_058,Wildlands,Wildlands Goddess Temple,,
tre_box_w_060,Wildlands,Wildlands Goddess Temple,,
tre_box_y_000,Yusnaan,Yusnaan Glutton's Quarter,,
tre_box_y_001,Yusnaan,Yusnaan Aromatic Market,,
tre_box_y_002,Yusnaan,Yusnaan Central Ave,,
tre_box_y_003,Yusnaan,Yusnaan Coliseum Square,,
tre_box_y_004,Yusnaan,Yusnaan Warehouse District ID Card,,
tre_box_y_005,Yusnaan,Yusnaan Coliseum Square Musical,,I(key_y_kagi1|1)
tre_box_y_006,Yusnaan,Yusnaan East from Cactuar Statue Musical,,I(key_y_kagi1|1)
tre_box_y_007,Yusnaan,Yusnaan West of Station Musical,,I(key_y_kagi1|1)
tre_box_y_008,Yusnaan,Yusnaan Near Cactuar Statue,,
tre_box_y_009,Yusnaan,Yusnaan Reveler's Quarter,,
tre_box_y_010,Yusnaan,Yusnaan Augur's Quarter,,I(key_y_id|1)
tre_box_y_011,Yusnaan,Yusnaan Patron's Palace,,I(key_y_id|1)
tre_box_y_012,Yusnaan,Yusnaan Hawker's Row,,
tre_box_y_013,Yusnaan,Yusnaan Augur's Quarter,,I(key_y_id|1)
tre_box_y_015,Yusnaan,Yusnaan Warehouse District,,
tre_box_y_017,Yusnaan,Yusnaan Augur's Quarter,,I(key_y_id|1)
tre_box_y_018,Yusnaan,Yusnaan Supply Line,,
tre_box_y_019,Yusnaan,Yusnaan Industrial Area,,
tre_box_y_021,Yusnaan,Yusnaan Lower City,,
tre_box_y_022,Yusnaan,Yusnaan Glutton's Quarter,,
tre_box_y_024,Yusnaan,Yusnaan Reveler's Quarter,,
tre_box_y_051,Yusnaan,Yusnaan Patron's Palace,,I(key_y_id|1)
tre_box_y_052,Yusnaan,Yusnaan Patron's Palace,,I(key_y_id|1)
tre_box_y_055,Yusnaan,Yusnaan Patron's Palace,,I(key_y_id|1)
tre_box_y_056,Yusnaan,Yusnaan Patron's Palace,,I(key_y_id|1)
tre_col_y_004,Yusnaan,Yusnaan Slaughterhouse,Missable|Quest,
tre_col_y_005,Yusnaan,Yusnaan Slaughterhouse,Missable|Quest,
tre_col_y_006,Yusnaan,Yusnaan Slaughterhouse,Missable|Quest,
tre_col_y_007,Yusnaan,Yusnaan Slaughterhouse,Missable|Quest,
tre_col_y_008,Yusnaan,Yusnaan Slaughterhouse,Missable|Quest,
tre_col_y_009,Yusnaan,Yusnaan Slaughterhouse,Missable|Quest,
tre_col_y_010,Yusnaan,Yusnaan Slaughterhouse,Missable|Quest,
tre_col_y_012,Yusnaan,Yusnaan Slaughterhouse,Missable|Quest,
tre_col_y_013,Yusnaan,Yusnaan Slaughterhouse,Missable|Quest,
tre_col_y_014,Yusnaan,Yusnaan Slaughterhouse,Missable|Quest,
tre_col_y_016,Yusnaan,Yusnaan Slaughterhouse - Fighting Actress,,I(key_y_id|1)
tre_col_y_017,Yusnaan,Yusnaan Slaughterhouse - Fighting Actress,,I(key_y_id|1)
tre_col_y_018,Yusnaan,Yusnaan Slaughterhouse - Fighting Actress,,I(key_y_id|1)
tre_col_y_019,Yusnaan,Yusnaan Slaughterhouse - Tanbam's Taboo,,I(key_y_id|1)
tre_d_seki_1,Dead Dunes,Dead Dunes Shrine Tablet,,
tre_d_seki_2,Dead Dunes,Dead Dunes Shrine Tablet,,
tre_d_seki_3,Dead Dunes,Dead Dunes Shrine Tablet,,
tre_key_d_bakt,Dead Dunes,Dead Dunes Temple Ruins Sacred Grove Bhakti,Missable|Quest,
tre_key_d_kant1,Dead Dunes,Dead Dunes Unappraised 1,Quest,I(key_d_lupe|1)
tre_key_d_kant2,Dead Dunes,Dead Dunes Unappraised 5,Quest,I(key_d_lupe|1)
tre_key_d_kant3,Dead Dunes,Dead Dunes Unappraised 10,Grindy|Quest,I(key_d_lupe|1)
tre_key_d_kant4,Dead Dunes,Dead Dunes Unappraised 20,Grindy|Quest,I(key_d_lupe|1)
tre_key_d_kant5,Dead Dunes,Dead Dunes Unappraised 50,Grindy|Quest,I(key_d_lupe|1)
tre_key_dkye1,Dead Dunes,Dead Dunes Pilgrim's Crux,Pilgrim,
tre_key_dkye10,Dead Dunes,Dead Dunes Pilgrim's Crux,Pilgrim,
tre_key_dkye11,Dead Dunes,Dead Dunes Pilgrim's Crux,Pilgrim,
tre_key_dkye12,Dead Dunes,Dead Dunes Pilgrim's Crux,Pilgrim,
tre_key_dkye13,Dead Dunes,Dead Dunes Pilgrim's Crux,Pilgrim,
tre_key_dkye14,Dead Dunes,Dead Dunes Pilgrim's Crux,Pilgrim,
tre_key_dkye2,Dead Dunes,Dead Dunes Pilgrim's Crux,Pilgrim,
tre_key_dkye3,Dead Dunes,Dead Dunes Pilgrim's Crux,Pilgrim,
tre_key_dkye4,Dead Dunes,Dead Dunes Pilgrim's Crux,Pilgrim,
tre_key_dkye5,Dead Dunes,Dead Dunes Pilgrim's Crux,Pilgrim,
tre_key_dkye6,Dead Dunes,Dead Dunes Pilgrim's Crux,Pilgrim,
tre_key_dkye7,Dead Dunes,Dead Dunes Pilgrim's Crux,Pilgrim,
tre_key_dkye8,Dead Dunes,Dead Dunes Pilgrim's Crux,Pilgrim,
tre_key_dkye9,Dead Dunes,Dead Dunes Pilgrim's Crux,Pilgrim,
tre_key_l_ball,Luxerion,Luxerion 1st Ave Rubber Ball,,
tre_key_l_kino,Luxerion,Luxerion Warehouse District Thunderclap Cap,,
tre_key_l_pen,Luxerion,Luxerion Marketplace Pen,,
tre_key_l_q006,Luxerion,Quest Born from chaos,Quest,
tre_key_lupe,Dead Dunes,Dead Dunes Loupe,,
tre_key_s_okuri,Wildlands,Wildlands Aryas Village Beloved's Gift,,
tre_kyu_pass,Luxerion,Virgil Supply Sphere Password,,
tre_qst_001,Luxerion,Quest The things she lost,Missable|Quest,
tre_qst_001_2,Luxerion,Quest The things she lost,Missable|Quest,
tre_qst_002,Luxerion,"Quest Where are you, Holmes?",Missable|Quest,
tre_qst_002_2,Luxerion,"Quest Where are you, Holmes?",Missable|Quest,
tre_qst_002_3,Luxerion,"Quest Where are you, Holmes?",Missable|Quest,
tre_qst_003,Luxerion,Quest Like clockwork,Quest,
tre_qst_003_2,Luxerion,Quest Like clockwork,Quest,
tre_qst_004,Luxerion,Quest Dying wish,Quest,I(key_j_kino|1)
tre_qst_004_2,Luxerion,Quest Dying wish,Quest,I(key_j_kino|1)
tre_qst_005,Luxerion,Quest Suspicious supply device,Quest,I(key_kyu_pass|1)
tre_qst_005_2,Luxerion,Quest Suspicious supply device,Quest,I(key_kyu_pass|1)
tre_qst_006_2,Luxerion,Quest Born from chaos,Quest,
tre_qst_006_3,Luxerion,Quest Born from chaos,Quest,
tre_qst_007,Luxerion,Quest Soul Seeds,Quest,
tre_qst_007_2,Luxerion,Quest Soul Seeds,Quest,
tre_qst_008,Luxerion,Quest Faster than Lightning,Quest,
tre_qst_008_2,Luxerion,Quest Faster than Lightning,Quest,
tre_qst_009,Luxerion,Quest Treasured ball,Quest,I(key_ball|1)
tre_qst_009_2,Luxerion,Quest Treasured ball,Quest,I(key_ball|1)
tre_qst_010,Luxerion,Quest The angel's tears,Quest,
tre_qst_010_2,Luxerion,Quest The angel's tears,Quest,
tre_qst_011,Luxerion,Quest The saint's stone,Quest,
tre_qst_011_2,Luxerion,Quest The saint's stone,Quest,
tre_qst_011_3,Luxerion,Quest The saint's stone,Quest,
tre_qst_012,Luxerion,Quest Whither faith,Missable|Quest,
tre_qst_012_2,Luxerion,Quest Whither faith,Missable|Quest,
tre_qst_013,Luxerion,Quest The avid reader,Missable|Quest,
tre_qst_013_2,Luxerion,Quest The avid reader,Missable|Quest,
tre_qst_014,Luxerion,Quest Buried passion,Quest,I(key_l_pen|1)
tre_qst_014_2,Luxerion,Quest Buried passion,Quest,I(key_l_pen|1)
tre_qst_015,Luxerion,Quest The girl who cried wolf,Missable|Quest,
tre_qst_015_2,Luxerion,Quest The girl who cried wolf,Missable|Quest,
tre_qst_016,Luxerion,Quest Stuck in a gem,Quest,
tre_qst_016_2,Luxerion,Quest Stuck in a gem,Quest,
tre_qst_017,Luxerion,Quest Get the girl,Quest,
tre_qst_017_2,Luxerion,Quest Get the girl,Quest,
tre_qst_019,Luxerion,Quest A rose by any other name,Quest,
tre_qst_019_2,Luxerion,Quest A rose by any other name,Quest,
tre_qst_019_3,Luxerion,Quest A rose by any other name,Quest,
tre_qst_019_4,Luxerion,Quest A rose by any other name,Quest,
tre_qst_020,Luxerion,Quest Voices from the grave,Quest,
tre_qst_020_2,Luxerion,Quest Voices from the grave,Quest,
tre_qst_021,Wildlands,Quest A father's request,Quest,
tre_qst_021_2,Wildlands,Quest A father's request,Quest,
tre_qst_022,Wildlands,Quest The hunter's challenge,Quest,
tre_qst_022_2,Wildlands,Quest The hunter's challenge,Quest,
tre_qst_022_3,Wildlands,Quest The hunter's challenge,Quest,
tre_qst_023,Wildlands,Quest A final cure,Quest,
tre_qst_023_2,Wildlands,Quest A final cure,Quest,
tre_qst_023_3,Wildlands,Quest A final cure,Quest,
tre_qst_024,Wildlands,Quest Fuzzy search,Quest,
tre_qst_024_2,Wildlands,Quest Fuzzy search,Quest,
tre_qst_024_3,Wildlands,Quest Fuzzy search,Quest,
tre_qst_025,Wildlands,Quest Round 'em up,Quest,
tre_qst_025_2,Wildlands,Quest Round 'em up,Quest,
tre_qst_026,Wildlands,Quest Chocobo cheer,Quest,
tre_qst_026_2,Wildlands,Quest Chocobo cheer,Quest,
tre_qst_026_3,Wildlands,Quest Chocobo cheer,Quest,
tre_qst_027,Wildlands,"Quest Peace and quiet, kupo",Quest,
tre_qst_027_2,Wildlands,"Quest Peace and quiet, kupo",Quest,
tre_qst_027_3,Wildlands,"Quest Peace and quiet, kupo",Quest,
tre_qst_028,Wildlands,Quest Saving an angel,Quest,
tre_qst_028_2,Wildlands,Quest Saving an angel,Quest,
tre_qst_029,Wildlands,Quest Omega point,Quest,
tre_qst_029_2,Wildlands,Quest Omega point,Quest,
tre_qst_030,Wildlands,Quest The old man and the field,Quest,
tre_qst_030_2,Wildlands,Quest The old man and the field,Quest,
tre_qst_031,Wildlands,Quest Land of our forebears,Quest,
tre_qst_031_2,Wildlands,Quest Land of our forebears,Quest,
tre_qst_032,Wildlands,Quest A taste of the past,Quest,
tre_qst_032_2,Wildlands,Quest A taste of the past,Quest,
tre_qst_032_3,Wildlands,Quest A taste of the past,Quest,
tre_qst_033,Wildlands,"Quest Dog, doctor and assistant",Quest,
tre_qst_033_2,Wildlands,"Quest Dog, doctor and assistant",Quest,
tre_qst_034,Wildlands,Main Quest 5,Quest,AND(I(key_s_kairaku|1)|I(key_w_mogsoul|1)|I(key_s_zyouai|1))
tre_qst_034_2,Wildlands,Main Quest 5,Quest,AND(I(key_s_kairaku|1)|I(key_w_mogsoul|1)|I(key_s_zyouai|1))
tre_qst_034_3,Wildlands,Main Quest 5,Quest,AND(I(key_s_kairaku|1)|I(key_w_mogsoul|1)|I(key_s_zyouai|1))
tre_qst_035,Wildlands,Quest The right stuff,Quest,
tre_qst_035_2,Wildlands,Quest The right stuff,Quest,
tre_qst_036,Wildlands,Quest The secret lives of sheep,Quest,
tre_qst_036_2,Wildlands,Quest The secret lives of sheep,Quest,
tre_qst_037,Wildlands,"Quest Where are you, Moogle?",Quest,
tre_qst_037_2,Wildlands,"Quest Where are you, Moogle?",Quest,
tre_qst_037_3,Wildlands,"Quest Where are you, Moogle?",Quest,
tre_qst_038,Wildlands,Quest Mercy of a goddess,Quest,
tre_qst_038_2,Wildlands,Quest Mercy of a goddess,Quest,
tre_qst_039,Wildlands,Quest The grail of Valhalla,Quest,
tre_qst_039_2,Wildlands,Quest The grail of Valhalla,Quest,
tre_qst_039_3,Wildlands,Quest The grail of Valhalla,Quest,
tre_qst_040,Wildlands,Quest To live in chaos,Quest,
tre_qst_040_2,Wildlands,Quest To live in chaos,Quest,
tre_qst_040_3,Wildlands,Quest To live in chaos,Quest,
tre_qst_041_2,Dead Dunes,Quest The life of a machine,Missable|Quest,
tre_qst_042,Dead Dunes,Quest Old rivals,Quest,
tre_qst_042_2,Dead Dunes,Quest Old rivals,Quest,
tre_qst_044,Dead Dunes,Quest His wife's dream,Quest,
tre_qst_044_2,Dead Dunes,Quest His wife's dream,Quest,
tre_qst_045,Dead Dunes,Quest Tool of the trade,Quest,I(key_d_lupe|1)
tre_qst_045_2,Dead Dunes,Quest Tool of the trade,Quest,I(key_d_lupe|1)
tre_qst_046,Dead Dunes,Quest Adonis's audition,Quest,
tre_qst_046_2,Dead Dunes,Quest Adonis's audition,Quest,
tre_qst_047,Dead Dunes,Quest What rough beast slouches,Quest,
tre_qst_047_2,Dead Dunes,Quest What rough beast slouches,Quest,
tre_qst_048,Dead Dunes,Quest Skeletons in the closet,Missable|Quest,
tre_qst_048_2,Dead Dunes,Quest Skeletons in the closet,Missable|Quest,
tre_qst_049,Dead Dunes,Quest Last One standing,Missable|Quest,
tre_qst_049_2,Dead Dunes,Quest Last One standing,Missable|Quest,
tre_qst_049_3,Dead Dunes,Quest Last One standing,Missable|Quest,
tre_qst_061,Yusnaan,Quest Fireworks in a bottle,Missable|Quest,
tre_qst_061_2,Yusnaan,Quest Fireworks in a bottle,Missable|Quest,
tre_qst_062,Yusnaan,Quest The fighting actress,Quest,
tre_qst_062_2,Yusnaan,Quest The fighting actress,Quest,
tre_qst_063,Yusnaan,Quest Songless diva,Quest,
tre_qst_063_2,Yusnaan,Quest Songless diva,Quest,
tre_qst_064,Yusnaan,Quest Stolen things,Quest,
tre_qst_064_2,Yusnaan,Quest Stolen things,Quest,
tre_qst_065,Yusnaan,Quest Fireworks for a steal,Missable|Quest,
tre_qst_065_2,Yusnaan,Quest Fireworks for a steal,Missable|Quest,
tre_qst_066,Yusnaan,Quest A testing proposition,Quest,
tre_qst_066_2,Yusnaan,Quest A testing proposition,Quest,
tre_qst_067,Yusnaan,Quest Last date,Missable|Quest,
tre_qst_067_2,Yusnaan,Quest Last date,Missable|Quest,
tre_qst_068,Yusnaan,Quest Free will,Missable|Quest,
tre_qst_068_2,Yusnaan,Quest Free will,Missable|Quest,
tre_qst_068_3,Yusnaan,Quest Free will,Missable|Quest,
tre_qst_069,Yusnaan,Quest Friends forever,Quest,I(key_y_id|1)
tre_qst_069_2,Yusnaan,Quest Friends forever,Quest,I(key_y_id|1)
tre_qst_069_3,Yusnaan,Quest Friends forever,Quest,I(key_y_id|1)
tre_qst_070,Yusnaan,Quest Family food,Quest,
tre_qst_070_2,Yusnaan,Quest Family food,Quest,
tre_qst_071,Yusnaan,Quest Tanbam's taboo,Quest,I(key_y_id|1)
tre_qst_071_2,Yusnaan,Quest Tanbam's taboo,Quest,I(key_y_id|1)
tre_qst_072,Yusnaan,Quest Play it for me,Quest,AND(I(key_y_kagi2|1)|I(key_y_kagi3|1)|I(key_y_rappa|1))
tre_qst_072_2,Yusnaan,Quest Play it for me,Quest,AND(I(key_y_kagi2|1)|I(key_y_kagi3|1)|I(key_y_rappa|1))
tre_qst_073,Yusnaan,Quest Adoring adornments,Quest,I(key_y_id|1)
tre_qst_073_2,Yusnaan,Quest Adoring adornments,Quest,I(key_y_id|1)
tre_qst_074,Yusnaan,Quest Adoring Candice,Quest,I(key_y_id|1)
tre_qst_074_2,Yusnaan,Quest Adoring Candice,Quest,I(key_y_id|1)
tre_qst_074_3,Yusnaan,Quest Adoring Candice,Quest,I(key_y_id|1)
tre_qst_076,Yusnaan,Quest Death safari,Quest,I(key_y_id|1)
tre_qst_076_2,Yusnaan,Quest Death safari,Quest,I(key_y_id|1)
tre_qst_076_3,Yusnaan,Quest Death safari,Quest,I(key_y_id|1)
tre_qst_076_4,Yusnaan,Quest Death safari,Quest,I(key_y_id|1)
tre_qst_076_5,Yusnaan,Quest Death safari,Quest,I(key_y_id|1)
tre_qst_077,Yusnaan,Quest Death game,Quest,I(key_y_id|1)
tre_qst_077_2,Yusnaan,Quest Death game,Quest,I(key_y_id|1)
tre_qst_077_3,Yusnaan,Quest Death game,Quest,I(key_y_id|1)
tre_qst_081,Wildlands,Quest Killing time,Quest,
tre_qst_081_2,Wildlands,Quest Killing time,Quest,
tre_qst_082,Wildlands,Quest Matchmaker,Quest,
tre_qst_082_2,Wildlands,Quest Matchmaker,Quest,
tre_qst_083,Wildlands,Quest Mother and daughter,Quest,
tre_qst_083_2,Wildlands,Quest Mother and daughter,Quest,
tre_qst_091,Luxerion,Quest To save the sinless,Missable|Quest,
tre_qst_091_2,Luxerion,Quest To save the sinless,Missable|Quest,
tre_qst_099,Ultimate Lair & Final Day,Ereshkigal,Missable|Quest,
tre_qst_1001,CoP Luxerion,CoP Quest Revenge is sweet,CoP,
tre_qst_1001_1,CoP Luxerion,CoP Quest Revenge is sweet,CoP,
tre_qst_1002,CoP Luxerion,CoP Quest Gift of gratitude,CoP,
tre_qst_1002_1,CoP Luxerion,CoP Quest Gift of gratitude,CoP,
tre_qst_1002_2,CoP Luxerion,CoP Quest Gift of gratitude,CoP,
tre_qst_1003,CoP Luxerion,CoP Quest A song for god,CoP,
tre_qst_1003_1,CoP Luxerion,CoP Quest A song for god,CoP,
tre_qst_1003_2,CoP Luxerion,CoP Quest A song for god,CoP,
tre_qst_1005,CoP Luxerion,CoP Quest Slay the machine,CoP,
tre_qst_1005_1,CoP Luxerion,CoP Quest Slay the machine,CoP,
tre_qst_1006,CoP Luxerion,CoP Quest Enchanted brush,CoP,
tre_qst_1006_1,CoP Luxerion,CoP Quest Enchanted brush,CoP,
tre_qst_1006_2,CoP Luxerion,CoP Quest Enchanted brush,CoP,
tre_qst_1007,CoP Luxerion,CoP Quest Heretics' beasts,CoP,
tre_qst_1007_1,CoP Luxerion,CoP Quest Heretics' beasts,CoP,
tre_qst_1007_2,CoP Luxerion,CoP Quest Heretics' beasts,CoP,
tre_qst_1008,CoP Luxerion,CoP Quest Grave of a bounty hunter,CoP,
tre_qst_1008_1,CoP Luxerion,CoP Quest Grave of a bounty hunter,CoP,
tre_qst_1008_2,CoP Luxerion,CoP Quest Grave of a bounty hunter,CoP,
tre_qst_1009,CoP Luxerion,CoP Quest Inventive seamstress,CoP,
tre_qst_1009_1,CoP Luxerion,CoP Quest Inventive seamstress,CoP,
tre_qst_1011,CoP Luxerion,CoP Quest Puppeteer's lament,CoP,
tre_qst_1011_1,CoP Luxerion,CoP Quest Puppeteer's lament,CoP,
tre_qst_1011_2,CoP Luxerion,CoP Quest Puppeteer's lament,CoP,
tre_qst_1012,CoP Luxerion,CoP Quest Revenge has teeth,CoP,
tre_qst_1012_1,CoP Luxerion,CoP Quest Revenge has teeth,CoP,
tre_qst_1015,CoP Luxerion,CoP Quest Night patrol,CoP,
tre_qst_1015_1,CoP Luxerion,CoP Quest Night patrol,CoP,
tre_qst_1015_2,CoP Luxerion,CoP Quest Night patrol,CoP,
tre_qst_1016,CoP Luxerion,CoP Quest Trapped,CoP,
tre_qst_1016_1,CoP Luxerion,CoP Quest Trapped,CoP,
tre_qst_1016_2,CoP Luxerion,CoP Quest Trapped,CoP,
tre_qst_1016_3,CoP Luxerion,CoP Quest Trapped,CoP,
tre_qst_1021,CoP Luxerion,CoP Quest Mythical Badge,CoP,
tre_qst_1021_1,CoP Luxerion,CoP Quest Mythical Badge,CoP,
tre_qst_1021_2,CoP Luxerion,CoP Quest Mythical Badge,CoP,
tre_qst_1051,CoP Yusnaan,CoP Quest Secret machine,CoP,
tre_qst_1051_1,CoP Yusnaan,CoP Quest Secret machine,CoP,
tre_qst_1052,CoP Yusnaan,CoP Quest Soulful Horn,CoP,
tre_qst_1052_1,CoP Yusnaan,CoP Quest Soulful Horn,CoP,
tre_qst_1052_2,CoP Yusnaan,CoP Quest Soulful Horn,CoP,
tre_qst_1056,CoP Yusnaan,CoP Quest A dangerous cocktail,CoP,
tre_qst_1056_1,CoP Yusnaan,CoP Quest A dangerous cocktail,CoP,
tre_qst_1059,CoP Yusnaan,CoP Quest Source of inspiration,CoP,
tre_qst_1059_1,CoP Yusnaan,CoP Quest Source of inspiration,CoP,
tre_qst_1060,CoP Yusnaan,CoP Quest Youth potion,CoP,
tre_qst_1060_1,CoP Yusnaan,CoP Quest Youth potion,CoP,
tre_qst_1060_2,CoP Yusnaan,CoP Quest Youth potion,CoP,
tre_qst_1061,CoP Yusnaan,CoP Quest Beast summoner,CoP,
tre_qst_1061_1,CoP Yusnaan,CoP Quest Beast summoner,CoP,
tre_qst_1061_2,CoP Yusnaan,CoP Quest Beast summoner,CoP,
tre_qst_1062,CoP Yusnaan,CoP Quest What seekers seek,CoP,
tre_qst_1062_1,CoP Yusnaan,CoP Quest What seekers seek,CoP,
tre_qst_1062_2,CoP Yusnaan,CoP Quest What seekers seek,CoP,
tre_qst_1063,CoP Yusnaan,CoP Quest True colors,CoP,
tre_qst_1063_1,CoP Yusnaan,CoP Quest True colors,CoP,
tre_qst_1063_2,CoP Yusnaan,CoP Quest True colors,CoP,
tre_qst_1064,CoP Yusnaan,CoP Quest Ultimate craving,CoP,
tre_qst_1064_1,CoP Yusnaan,CoP Quest Ultimate craving,CoP,
tre_qst_1064_2,CoP Yusnaan,CoP Quest Ultimate craving,CoP,
tre_qst_1064_3,CoP Yusnaan,CoP Quest Ultimate craving,CoP,
tre_qst_1065,CoP Yusnaan,CoP Quest Spell for spell,CoP,
tre_qst_1065_1,CoP Yusnaan,CoP Quest Spell for spell,CoP,
tre_qst_1065_2,CoP Yusnaan,CoP Quest Spell for spell,CoP,
tre_qst_1071,CoP Yusnaan,CoP Quest Unfired firework,CoP,I(key_y_id|1)
tre_qst_1071_1,CoP Yusnaan,CoP Quest Unfired firework,CoP,I(key_y_id|1)
tre_qst_1071_2,CoP Yusnaan,CoP Quest Unfired firework,CoP,I(key_y_id|1)
tre_qst_1072,CoP Yusnaan,CoP Quest Time doesn't heal,CoP,AND(I(key_b_16|1)|I(key_b_17|1))
tre_qst_1072_1,CoP Yusnaan,CoP Quest Time doesn't heal,CoP,AND(I(key_b_16|1)|I(key_b_17|1))
tre_qst_1072_2,CoP Yusnaan,CoP Quest Time doesn't heal,CoP,AND(I(key_b_16|1)|I(key_b_17|1))
tre_qst_1073,CoP Yusnaan,CoP Quest A man for a chocobo girl,CoP,I(key_y_id|1)
tre_qst_1073_1,CoP Yusnaan,CoP Quest A man for a chocobo girl,CoP,I(key_y_id|1)
tre_qst_1073_2,CoP Yusnaan,CoP Quest A man for a chocobo girl,CoP,I(key_y_id|1)
tre_qst_1074,CoP Yusnaan,CoP Quest Rebuilding,CoP,I(key_y_id|1)
tre_qst_1074_1,CoP Yusnaan,CoP Quest Rebuilding,CoP,I(key_y_id|1)
tre_qst_1101,CoP Wildlands,CoP Quest Sun flower,CoP,
tre_qst_1101_1,CoP Wildlands,CoP Quest Sun flower,CoP,
tre_qst_1102,CoP Wildlands,CoP Quest Moon flower,CoP,
tre_qst_1102_1,CoP Wildlands,CoP Quest Moon flower,CoP,
tre_qst_1102_2,CoP Wildlands,CoP Quest Moon flower,CoP,
tre_qst_1103,CoP Wildlands,CoP Quest Secret of the Chocoborel,CoP,
tre_qst_1103_1,CoP Wildlands,CoP Quest Secret of the Chocoborel,CoP,
tre_qst_1103_2,CoP Wildlands,CoP Quest Secret of the Chocoborel,CoP,
tre_qst_1104,CoP Wildlands,CoP Quest Wildlands in danger!,CoP,
tre_qst_1104_1,CoP Wildlands,CoP Quest Wildlands in danger!,CoP,
tre_qst_1104_2,CoP Wildlands,CoP Quest Wildlands in danger!,CoP,
tre_qst_1105,CoP Wildlands,CoP Quest Hunting the hunter,CoP,
tre_qst_1105_1,CoP Wildlands,CoP Quest Hunting the hunter,CoP,
tre_qst_1105_2,CoP Wildlands,CoP Quest Hunting the hunter,CoP,
tre_qst_1106,CoP Wildlands,CoP Quest Forget me not,CoP,
tre_qst_1106_1,CoP Wildlands,CoP Quest Forget me not,CoP,
tre_qst_1106_2,CoP Wildlands,CoP Quest Forget me not,CoP,
tre_qst_1107,CoP Wildlands,CoP Quest A word of thanks,CoP,
tre_qst_1107_1,CoP Wildlands,CoP Quest A word of thanks,CoP,
tre_qst_1107_2,CoP Wildlands,CoP Quest A word of thanks,CoP,
tre_qst_1108,CoP Wildlands,CoP Quest Fresh fertilizer,CoP,
tre_qst_1108_1,CoP Wildlands,CoP Quest Fresh fertilizer,CoP,
tre_qst_1108_2,CoP Wildlands,CoP Quest Fresh fertilizer,CoP,
tre_qst_1109,CoP Wildlands,CoP Quest For the future,CoP,
tre_qst_1109_1,CoP Wildlands,CoP Quest For the future,CoP,
tre_qst_1109_2,CoP Wildlands,CoP Quest For the future,CoP,
tre_qst_1110,CoP Wildlands,CoP Quest Dumpling cook-off,CoP,
tre_qst_1110_1,CoP Wildlands,CoP Quest Dumpling cook-off,CoP,
tre_qst_1110_2,CoP Wildlands,CoP Quest Dumpling cook-off,CoP,
tre_qst_1111,CoP Wildlands,CoP Quest Brain over brawn,CoP,
tre_qst_1111_1,CoP Wildlands,CoP Quest Brain over brawn,CoP,
tre_qst_1111_2,CoP Wildlands,CoP Quest Brain over brawn,CoP,
tre_qst_1113,CoP Wildlands,CoP Quest Hunter's challenge,CoP,
tre_qst_1113_1,CoP Wildlands,CoP Quest Hunter's challenge,CoP,
tre_qst_1113_2,CoP Wildlands,CoP Quest Hunter's challenge,CoP,
tre_qst_1114,CoP Wildlands,CoP Quest A secret wish,CoP,
tre_qst_1114_1,CoP Wildlands,CoP Quest A secret wish,CoP,
tre_qst_1114_2,CoP Wildlands,CoP Quest A secret wish,CoP,
tre_qst_1115,CoP Wildlands,CoP Quest Moghan's plea,CoP,
tre_qst_1115_1,CoP Wildlands,CoP Quest Moghan's plea,CoP,
tre_qst_1115_2,CoP Wildlands,CoP Quest Moghan's plea,CoP,
tre_qst_1116,CoP Wildlands,CoP Quest What's in a brew?,CoP,
tre_qst_1116_1,CoP Wildlands,CoP Quest What's in a brew?,CoP,
tre_qst_1116_2,CoP Wildlands,CoP Quest What's in a brew?,CoP,
tre_qst_1116_3,CoP Wildlands,CoP Quest What's in a brew?,CoP,
tre_qst_1117,CoP Wildlands,CoP Quest A prayer to a goddess,CoP,
tre_qst_1117_1,CoP Wildlands,CoP Quest A prayer to a goddess,CoP,
tre_qst_1117_2,CoP Wildlands,CoP Quest A prayer to a goddess,CoP,
tre_qst_1118,CoP Wildlands,CoP Quest Gatekeeper's curiosity,CoP,
tre_qst_1118_1,CoP Wildlands,CoP Quest Gatekeeper's curiosity,CoP,
tre_qst_1119,CoP Luxerion,CoP Quest Grave of a bounty hunter,CoP,
tre_qst_1119_1,CoP Luxerion,CoP Quest Grave of a bounty hunter,CoP,
tre_qst_1119_2,CoP Luxerion,CoP Quest Grave of a bounty hunter,CoP,
tre_qst_1120,CoP Wildlands,CoP Quest A voice from below,CoP,
tre_qst_1120_1,CoP Wildlands,CoP Quest A voice from below,CoP,
tre_qst_1120_2,CoP Wildlands,CoP Quest A voice from below,CoP,
tre_qst_1121,CoP Wildlands,CoP Quest Chocobo chow,CoP,
tre_qst_1121_1,CoP Wildlands,CoP Quest Chocobo chow,CoP,
tre_qst_1121_2,CoP Wildlands,CoP Quest Chocobo chow,CoP,
tre_qst_1122,CoP Wildlands,CoP Quest Sylkis secrets,CoP,
tre_qst_1122_1,CoP Wildlands,CoP Quest Sylkis secrets,CoP,
tre_qst_1122_2,CoP Wildlands,CoP Quest Sylkis secrets,CoP,
tre_qst_1123,CoP Wildlands,CoP Quest Digging mole,CoP,
tre_qst_1123_1,CoP Wildlands,CoP Quest Digging mole,CoP,
tre_qst_1123_2,CoP Wildlands,CoP Quest Digging mole,CoP,
tre_qst_1124,CoP Wildlands,CoP Quest Two together,CoP,
tre_qst_1124_1,CoP Wildlands,CoP Quest Two together,CoP,
tre_qst_1124_2,CoP Wildlands,CoP Quest Two together,CoP,
tre_qst_1125,CoP Wildlands,CoP Quest Emergency treatment,CoP,
tre_qst_1125_1,CoP Wildlands,CoP Quest Emergency treatment,CoP,
tre_qst_1125_2,CoP Wildlands,CoP Quest Emergency treatment,CoP,
tre_qst_1126,CoP Wildlands,CoP Quest Moogle gourmand,CoP,
tre_qst_1126_1,CoP Wildlands,CoP Quest Moogle gourmand,CoP,
tre_qst_1126_2,CoP Wildlands,CoP Quest Moogle gourmand,CoP,
tre_qst_1151,CoP Dead Dunes,CoP Quest Flower in the sands,CoP,
tre_qst_1151_1,CoP Dead Dunes,CoP Quest Flower in the sands,CoP,
tre_qst_1152,CoP Dead Dunes,CoP Quest Biologically speaking,CoP,
tre_qst_1152_1,CoP Dead Dunes,CoP Quest Biologically speaking,CoP,
tre_qst_1153,CoP Dead Dunes,CoP Quest The real client,CoP,
tre_qst_1153_1,CoP Dead Dunes,CoP Quest The real client,CoP,
tre_qst_1153_2,CoP Dead Dunes,CoP Quest The real client,CoP,
tre_qst_1154,CoP Dead Dunes,CoP Quest For my child,CoP,
tre_qst_1154_1,CoP Dead Dunes,CoP Quest For my child,CoP,
tre_qst_1154_2,CoP Dead Dunes,CoP Quest For my child,CoP,
tre_qst_1155,CoP Dead Dunes,CoP Quest Bandits' new weapon,CoP,
tre_qst_1155_1,CoP Dead Dunes,CoP Quest Bandits' new weapon,CoP,
tre_qst_1155_2,CoP Dead Dunes,CoP Quest Bandits' new weapon,CoP,
tre_qst_1156,CoP Dead Dunes,CoP Quest Banned goods,CoP,
tre_qst_1156_1,CoP Dead Dunes,CoP Quest Banned goods,CoP,
tre_qst_1156_2,CoP Dead Dunes,CoP Quest Banned goods,CoP,
tre_qst_1157,CoP Dead Dunes,CoP Quest Climbing the ranks I,CoP,
tre_qst_1157_1,CoP Dead Dunes,CoP Quest Climbing the ranks I,CoP,
tre_qst_1159,CoP Dead Dunes,CoP Quest Miracle vintage,CoP,
tre_qst_1159_1,CoP Dead Dunes,CoP Quest Miracle vintage,CoP,
tre_qst_1159_2,CoP Dead Dunes,CoP Quest Miracle vintage,CoP,
tre_qst_1164,CoP Dead Dunes,CoP Quest Climbing the ranks II,CoP,
tre_qst_1164_1,CoP Dead Dunes,CoP Quest Climbing the ranks II,CoP,
tre_qst_1165,CoP Dead Dunes,CoP Quest Heightened security,CoP,
tre_qst_1165_1,CoP Dead Dunes,CoP Quest Heightened security,CoP,
tre_qst_1165_2,CoP Dead Dunes,CoP Quest Heightened security,CoP,
tre_qst_1168,CoP Dead Dunes,CoP Quest Desert cleanup,CoP,
tre_qst_1168_1,CoP Dead Dunes,CoP Quest Desert cleanup,CoP,
tre_qst_1168_2,CoP Dead Dunes,CoP Quest Desert cleanup,CoP,
tre_qst_1171,CoP Dead Dunes,CoP Quest A treasure for a god,CoP,I(key_d_sekiban|3)
tre_qst_1171_1,CoP Dead Dunes,CoP Quest A treasure for a god,CoP,I(key_d_sekiban|3)
tre_qst_1172,CoP Dead Dunes,CoP Quest Lucky Charm,CoP,
tre_qst_1172_1,CoP Dead Dunes,CoP Quest Lucky Charm,CoP,
tre_qst_1173,CoP Dead Dunes,CoP Quest Supply and demand,CoP,
tre_qst_1173_1,CoP Dead Dunes,CoP Quest Supply and demand,CoP,
tre_qst_1173_2,CoP Dead Dunes,CoP Quest Supply and demand,CoP,
tre_qst_1174,CoP Dead Dunes,CoP Quest A new application,CoP,
tre_qst_1174_1,CoP Dead Dunes,CoP Quest A new application,CoP,
tre_qst_1174_2,CoP Dead Dunes,CoP Quest A new application,CoP,
tre_qst_1175,CoP Dead Dunes,CoP Quest Pride and greed I,CoP,
tre_qst_1175_1,CoP Dead Dunes,CoP Quest Pride and greed I,CoP,
tre_qst_1175_2,CoP Dead Dunes,CoP Quest Pride and greed I,CoP,
tre_qst_1176,CoP Dead Dunes,CoP Quest Pride and greed II,CoP,
tre_qst_1176_1,CoP Dead Dunes,CoP Quest Pride and greed II,CoP,
tre_qst_1176_2,CoP Dead Dunes,CoP Quest Pride and greed II,CoP,
tre_qst_1177,CoP Dead Dunes,CoP Quest Pride and greed III,CoP,
tre_qst_1177_1,CoP Dead Dunes,CoP Quest Pride and greed III,CoP,
tre_qst_1177_2,CoP Dead Dunes,CoP Quest Pride and greed III,CoP,
tre_qst_1301,CoP Global,Quest Key to her heart,Quest,I(key_s_okuri|1)
tre_qst_1301_1,CoP Global,Quest Key to her heart,Quest,I(key_s_okuri|1)
tre_qst_1301_2,CoP Global,Quest Key to her heart,Quest,I(key_s_okuri|1)
tre_qst_1302,CoP Global,Quest Global: Roadworks I,Quest,
tre_qst_1302_1,CoP Global,Quest Global: Roadworks I,Quest,
tre_qst_1302_2,CoP Global,Quest Global: Roadworks I,Quest,
tre_qst_1303,CoP Global,Quest Global: Roadworks II,Quest,AND(I(key_b_09|1)|I(key_b_10|1))
tre_qst_1303_1,CoP Global,Quest Global: Roadworks II,Quest,AND(I(key_b_09|1)|I(key_b_10|1))
tre_qst_1303_2,CoP Global,Quest Global: Roadworks II,Quest,AND(I(key_b_09|1)|I(key_b_10|1))
tre_qst_1304,CoP Global,Quest Global: Roadworks III,Quest,AND(I(key_b_11|1)|I(key_b_12|1))
tre_qst_1304_1,CoP Global,Quest Global: Roadworks III,Quest,AND(I(key_b_11|1)|I(key_b_12|1))
tre_qst_1304_2,CoP Global,Quest Global: Roadworks III,Quest,AND(I(key_b_11|1)|I(key_b_12|1))
tre_qst_1305,CoP Global,Quest Global: A girl's challenge,Quest,I(key_b_00|1)
tre_qst_1305_1,CoP Global,Quest Global: A girl's challenge,Quest,I(key_b_00|1)
tre_qst_1306,CoP Global,Quest Global: What's left behind,Quest,I(key_b_01|1)
tre_qst_1306_1,CoP Global,Quest Global: What's left behind,Quest,I(key_b_01|1)
tre_qst_1307,CoP Global,Quest Global: Seeing the dawn,Quest,AND(I(key_b_02|1)|I(key_y_id|1))
tre_qst_1307_1,CoP Global,Quest Global: Seeing the dawn,Quest,AND(I(key_b_02|1)|I(key_y_id|1))
tre_qst_1308,CoP Global,Quest Global: Staying sharp,Quest,AND(I(key_b_03|1)|I(key_y_id|1))
tre_qst_1308_1,CoP Global,Quest Global: Staying sharp,Quest,AND(I(key_b_03|1)|I(key_y_id|1))
tre_qst_1309,CoP Global,Quest Global: Where Moogles be,Quest,I(key_b_04|1)
tre_qst_1309_1,CoP Global,Quest Global: Where Moogles be,Quest,I(key_b_04|1)
tre_qst_1310,CoP Global,Quest Global: Fading prayer,Quest,I(key_b_05|1)
tre_qst_1310_1,CoP Global,Quest Global: Fading prayer,Quest,I(key_b_05|1)
tre_qst_1311,CoP Global,Quest Global: Forbidden tome,Quest,I(key_b_06|1)
tre_qst_1311_1,CoP Global,Quest Global: Forbidden tome,Quest,I(key_b_06|1)
tre_qst_1312,CoP Global,Quest Global: Shoot for the sky,Quest,I(key_b_07|1)
tre_qst_1312_1,CoP Global,Quest Global: Shoot for the sky,Quest,I(key_b_07|1)
tre_qst_1312_2,CoP Global,Quest Global: Shoot for the sky,Quest,I(key_b_07|1)
tre_qst_1313,CoP Global,Quest Global: Digging mysteries,Quest,AND(I(key_b_08|1)|I(key_d_sekiban|2))
tre_qst_1313_1,CoP Global,Quest Global: Digging mysteries,Quest,AND(I(key_b_08|1)|I(key_d_sekiban|2))
tre_qst_1313_2,CoP Global,Quest Global: Digging mysteries,Quest,AND(I(key_b_08|1)|I(key_d_sekiban|2))
tre_seed_1st_00,Soul Seeds,20 Soul Seeds,,
tre_seed_1st_01,Soul Seeds,40 Soul Seeds,Grindy,
tre_seed_1st_02,Soul Seeds,60 Soul Seeds,Grindy,
tre_seed_1st_03,Soul Seeds,80 Soul Seeds,Grindy,
tre_seed_1st_04,Soul Seeds,100 Soul Seeds,Grindy,
tre_ti000,Yusnaan,Replace EP Ability Curaga,EP,
tre_ti810,Ark,Replace EP Ability Teleport,EP,
tre_ti830,Ark,Replace EP Ability Escape,EP,
tre_ti840,Luxerion,Replace EP Ability Chronostasis,EP,
tre_wea_oa00,Drops,Noel Drop,Missable,
tre_wea_oa01,Drops,Noel+ Drop,Missable,
tre_wea_oa02,Drops,Caius Drop,Missable,
tre_wea_oa05,Drops,Cyclops Omega Drop,Missable,
tre_wea_oa07,Drops,Reaver Omega Drop,Missable,
tre_wea_oa13,Drops,Skeleton Omega Drop,Missable,
tre_y_kagi1,Yusnaan,Morris Musical Treasure Sphere Key,,
