ID,Name,Location,Charasets,Traits
btsc01002,,Hanging Edge,chset_z016_def0,
btsc01003,,Hanging Edge,chset_z016_def0,
btsc01004,,Hanging Edge,chset_z016_def0,
btsc01005,,Hanging Edge,chset_z016_def2,
btsc01006,,Hanging Edge,chset_z016_def2,
btsc01007,,Hanging Edge,chset_z016_def2,
btsc01008,,Hanging Edge,chset_z016_def2,
btsc01020,,Hanging Edge,chset_z016_def2,
btsc01009,,Hanging Edge,chset_z016_defh,
btsc01021,,Hanging Edge,chset_z016_def5,
btsc01010,,Hanging Edge,chset_z016_def5,
btsc01011,,Hanging Edge,chset_z016_def5,
btsc01023,,Hanging Edge,chset_z016_def5,
btsc01024,,Hanging Edge,chset_z016_def5,
btsc01017,,Hanging Edge,chset_z016_def7,
btsc01022,,Hanging Edge,chset_z016_def7,
btsc01019,Beta Behemoth (mini-boss),Hanging Edge,chset_z016_defe,
btsc01012,Myrmidon (mini-boss),Hanging Edge,chset_z016_def8,
btsc01013,,Hanging Edge,chset_z016_def9,
btsc01014,,Hanging Edge,chset_z016_def9,
btsc02001,,Pulse Vestige,chset_z017_def1,
btsc02004,,Pulse Vestige,chset_z017_def1|chset_z017_def3,
btsc02025,,Pulse Vestige,chset_z017_def1|chset_z017_def3,
btsc02003,,Pulse Vestige,chset_z017_def1|chset_z017_def3,
btsc02002,,Pulse Vestige,chset_z017_def1|chset_z017_def3,
btsc02026,,Pulse Vestige,chset_z017_def1,
btsc02018,,Pulse Vestige,chset_z017_def1,
btsc02027,,Pulse Vestige,chset_z017_def3|chset_z017_def4,
btsc02022,,Pulse Vestige,chset_z017_def3|chset_z017_def4,
btsc02019,,Pulse Vestige,chset_z017_def3|chset_z017_def4,
btsc02006,,Pulse Vestige,chset_z017_def3|chset_z017_def4,
btsc02005,,Pulse Vestige,chset_z017_def3|chset_z017_def4,
btsc02028,,Pulse Vestige,chset_z017_def3|chset_z017_def4,
btsc02035,,Pulse Vestige,chset_z017_def3,
btsc02029,,Pulse Vestige,chset_z017_def3,
btsc02020,,Pulse Vestige,chset_z017_def3,
btsc02024,,Pulse Vestige,chset_z017_def3,
btsc02023,,Pulse Vestige,chset_z017_def3,
btsc02011,,Pulse Vestige,chset_z017_def3,
btsc02008,,Pulse Vestige,chset_z017_def4,
btsc02037,,Pulse Vestige,chset_z017_def4,
btsc02012,,Pulse Vestige,chset_z017_def4,
btsc02038,,Pulse Vestige,chset_z017_def4,
btsc02039,,Pulse Vestige,chset_z017_def4,
btsc02040,,Pulse Vestige,chset_z017_def4,
btsc02030,,Pulse Vestige,chset_z017_def4,
btsc02013,,Pulse Vestige,chset_z017_def4,
btsc02031,,Pulse Vestige,chset_z017_def4,
btsc02032,,Pulse Vestige,chset_z017_def4,
btsc02021,,Pulse Vestige,chset_z017_def4,
btsc02041,,Pulse Vestige,chset_z017_def4,
btsc02034,,Pulse Vestige,chset_z017_def4,
btsc02033,,Pulse Vestige,chset_z017_def4,
btsc02036,,Pulse Vestige,chset_z017_def4,
btsc02014,,Pulse Vestige,chset_z017_def2,
btsc02015,,Pulse Vestige,chset_z017_def2,
btsc02016,,Pulse Vestige,chset_z017_def2,
btsc03001,Chapter 3 First Fight,Lake Bresha,chset_z002def_0,
btsc03002,,Lake Bresha,chset_z002def_1,
btsc03003,,Lake Bresha,chset_z002def_1,
btsc03004,,Lake Bresha,chset_z002def_1,
btsc03005,,Lake Bresha,chset_z002def_1,
btsc03006,,Lake Bresha,chset_z002def_1,
btsc03007,,Lake Bresha,chset_z002def_1,
btsc03010,,Lake Bresha,chset_z002def_2,
btsc03011,,Lake Bresha,chset_z002def_2,
btsc03012,,Lake Bresha,chset_z002def_2,
btsc03014,,Lake Bresha,chset_z002def_3,
btsc03015,,Lake Bresha,chset_z002def_3,
btsc03016,,Lake Bresha,chset_z002def_3,
btsc03017,,Lake Bresha,chset_z002def_3,
btsc03033,,Lake Bresha,chset_z002def_3,
btsc03018,,Lake Bresha,chset_z002def_3,
btsc03019,Chapter 3 Alpha Behemoth mini-boss(?),Lake Bresha,chset_z002def_3,
btsc03042,,Lake Bresha,chset_z002def_3,
btsc03041,,Lake Bresha,chset_z002def_3,
btsc03021,,Lake Bresha,chset_z002def_3,
btsc03020,,Lake Bresha,chset_z002def_3,
btsc03034,,Lake Bresha,chset_z002def_3,
btsc03022,Chapter 3 Alpha Behemoth mini-boss(?),Lake Bresha,chset_z002def_5,
btsc03024,,Lake Bresha,chset_z002def_5,
btsc03035,,Lake Bresha,chset_z002def_5,
btsc03025,,Lake Bresha,chset_z002def_5,
btsc03044,,Lake Bresha,chset_z002def_6,
btsc03026,,Lake Bresha,chset_z002def_6,
btsc03027,,Lake Bresha,chset_z002def_6,
btsc03029,,Lake Bresha,chset_z002def_6,
btsc03028,,Lake Bresha,chset_z002def_6,
btsc03030,,Lake Bresha,chset_z002def_6,
btsc03031,,Lake Bresha,chset_z002def_6,
btsc03036,,Lake Bresha,chset_z002chpt,
btsc04052,,Vile Peaks,chset_z004_def0,
btsc04002,,Vile Peaks,chset_z004_def1,
btsc04003,,Vile Peaks,chset_z004_def1,
btsc04004,,Vile Peaks,chset_z004_def1,
btsc04005,,Vile Peaks,chset_z004_def1,
btsc04006,,Vile Peaks,chset_z004_def1,
btsc04007,,Vile Peaks,chset_z004_def1,
btsc04008,,Vile Peaks,chset_z004_def1,
btsc04009,,Vile Peaks,chset_z004_def1,
btsc04010,,Vile Peaks,chset_z004_def1,
btsc04011,,Vile Peaks,chset_z004_def1,
btsc04012,,Vile Peaks,chset_z004_def1,
btsc04013,,Vile Peaks,chset_z004_def1,
btsc04015,,Vile Peaks,chset_z004_def1,
btsc04016,,Vile Peaks,chset_z004_def1,
btsc04017,,Vile Peaks,chset_z004_def1,
btsc04018,,Vile Peaks,chset_z004_def1,
btsc04019,,Vile Peaks,chset_z004_def1,
btsc04014,,Vile Peaks,chset_z004_def1,
btsc04020,,Vile Peaks,chset_z004_def1,
btsc04021,,Vile Peaks,chset_z004_def1,
btsc04022,,Vile Peaks,chset_z004_def1,
btsc04023,,Vile Peaks,chset_z004_def1,
btsc04024,,Vile Peaks,chset_z004_def1,
btsc04025,,Vile Peaks,chset_z004_def1,
btsc04027,,Vile Peaks,chset_z004_def4,
btsc04028,,Vile Peaks,chset_z004_def6,
btsc04051,,Vile Peaks,chset_z004_def6,
btsc04029,,Vile Peaks,chset_z004_def6,
btsc04030,Solo Uhlan,Vile Peaks,chset_z004_def6,
btsc04031,Pre-minigame tracker x2 (?),Vile Peaks,chset_z004_def6,
btsc04032,,Vile Peaks,chset_z004_def5,
btsc04033,,Vile Peaks,chset_z004_def5,
btsc04034,,Vile Peaks,chset_z004_def5,
btsc04035,,Vile Peaks,chset_z004_def5,
btsc04037,Gestalt Tutorial,Vile Peaks,chset_z004_def5,
btsc04038,,Vile Peaks,chset_z004_def7,
btsc04039,,Vile Peaks,chset_z004_def7,
btsc04040,,Vile Peaks,chset_z004_def7,
btsc04041,,Vile Peaks,chset_z004_def7,
btsc04042,,Vile Peaks,chset_z004_def7,
btsc04044,,Vile Peaks,chset_z004_def7,
btsc04046,,Vile Peaks,chset_z004_def7,
btsc04045,,Vile Peaks,chset_z004_def7,
btsc04055,,Vile Peaks,chset_z004_def7,
btsc04054,,Vile Peaks,chset_z004_def7,
btsc04043,,Vile Peaks,chset_z004_def7,
btsc04047,,Vile Peaks,chset_z004_def7,
btsc04048,,Vile Peaks,chset_z004_def7,
btsc04049,,Vile Peaks,chset_z004_def7,
btsc04050,,Vile Peaks,chset_z004_def7,
btsc06001,,Gapra Whitewood,chset_z015_140|chset_z015_160,
btsc06002,,Gapra Whitewood,chset_z015_160|chset_z015_200,
btsc06003,,Gapra Whitewood,chset_z015_160|chset_z015_200,
btsc06004,,Gapra Whitewood,chset_z015_160|chset_z015_200,
btsc06028,,Gapra Whitewood,chset_z015_160|chset_z015_200,
btsc06005,,Gapra Whitewood,chset_z015_160|chset_z015_200,
btsc06006,,Gapra Whitewood,chset_z015_200|chset_z015_300,
btsc06031,,Gapra Whitewood,chset_z015_200|chset_z015_300,
btsc06036,,Gapra Whitewood,chset_z015_200|chset_z015_300,
btsc06007,,Gapra Whitewood,chset_z015_200|chset_z015_300,
btsc06008,,Gapra Whitewood,chset_z015_200|chset_z015_300,
btsc06037,,Gapra Whitewood,chset_z015_200|chset_z015_300,
btsc06009,,Gapra Whitewood,chset_z015_200|chset_z015_300,
btsc06010,,Gapra Whitewood,chset_z015_200|chset_z015_300,
btsc06038,,Gapra Whitewood,chset_z015_200|chset_z015_300,
btsc06011,,Gapra Whitewood,chset_z015_300,
btsc06039,,Gapra Whitewood,chset_z015_300|chset_z015_400,
btsc06012,,Gapra Whitewood,chset_z015_300|chset_z015_400,
btsc06013,,Gapra Whitewood,chset_z015_300|chset_z015_400,
btsc06040,,Gapra Whitewood,chset_z015_300|chset_z015_400,
btsc06014,,Gapra Whitewood,chset_z015_300|chset_z015_400,
btsc06041,,Gapra Whitewood,chset_z015_300|chset_z015_400,
btsc06015,,Gapra Whitewood,chset_z015_300|chset_z015_400,
btsc06016,,Gapra Whitewood,chset_z015_300,
btsc06034,,Gapra Whitewood,chset_z015_400,
btsc06017,,Gapra Whitewood,chset_z015_400|chset_z015_500,
btsc06018,,Gapra Whitewood,chset_z015_400|chset_z015_500,
btsc06019,,Gapra Whitewood,chset_z015_500|chset_z015_700,
btsc06020,,Gapra Whitewood,chset_z015_500|chset_z015_700,
btsc06021,,Gapra Whitewood,chset_z015_500|chset_z015_700,
btsc06022,,Gapra Whitewood,chset_z015_500,
btsc06035,,Gapra Whitewood,chset_z015_500|chset_z015_700,
btsc06044,,Gapra Whitewood,chset_z015_500|chset_z015_700,
btsc06023,,Gapra Whitewood,chset_z015_500|chset_z015_700,
btsc06024,,Gapra Whitewood,chset_z015_500|chset_z015_700,
btsc06025,,Gapra Whitewood,chset_z015_500|chset_z015_700,
btsc06026,,Gapra Whitewood,chset_z015_500|chset_z015_700,
btsc06027,,Gapra Whitewood,chset_z015_500|chset_z015_700,
btsc06029,,Gapra Whitewood,chset_z015_500|chset_z015_700,
btsc06030,,Gapra Whitewood,chset_z015_500|chset_z015_700,
btsc06032,,Gapra Whitewood,chset_z015_500|chset_z015_700,
btsc06033,,Gapra Whitewood,chset_z015_500|chset_z015_700,
btsc06045,,Gapra Whitewood,chset_z015_500|chset_z015_700,
btsc05001,,Sunleth Waterscape,chset_z010_def|chset_z010_def2,
btsc05002,,Sunleth Waterscape,chset_z010_def|chset_z010_def2,
btsc05004,,Sunleth Waterscape,chset_z010_def|chset_z010_def2,
btsc05003,,Sunleth Waterscape,chset_z010_def|chset_z010_def2,
btsc05005,,Sunleth Waterscape,chset_z010_def2,
btsc05039,,Sunleth Waterscape,chset_z010_def2,
btsc05058,,Sunleth Waterscape,chset_z010_def2,
btsc05006,,Sunleth Waterscape,chset_z010_def2,
btsc05007,,Sunleth Waterscape,chset_z010_def2,
btsc05008,,Sunleth Waterscape,chset_z010_def2,
btsc05009,,Sunleth Waterscape,chset_z010_def2,
btsc05010,,Sunleth Waterscape,chset_z010_def2,
btsc05059,,Sunleth Waterscape,chset_z010_def2,
btsc05011,Scalebeast 1,Sunleth Waterscape,chset_z010_def2,
btsc05012,Scalebeast 2,Sunleth Waterscape,chset_z010_def2,
btsc05013,Scalebeast 3,Sunleth Waterscape,chset_z010_def2,
btsc05014,Scalebeast 4,Sunleth Waterscape,chset_z010_def2,
btsc05015,,Sunleth Waterscape,chset_z010_def2,
btsc05060,,Sunleth Waterscape,chset_z010_def2,
btsc05026,,Sunleth Waterscape,chset_z010_def2,
btsc05028,,Sunleth Waterscape,chset_z010_def2,
btsc05050,,Sunleth Waterscape,chset_z010_def2,
btsc05030,,Sunleth Waterscape,chset_z010_def2,
btsc05051,,Sunleth Waterscape,chset_z010_def2,
btsc05029,,Sunleth Waterscape,chset_z010_def2,
btsc05040,,Sunleth Waterscape,chset_z010_def2,
btsc05016,,Sunleth Waterscape,chset_z010_def2,
btsc05017,,Sunleth Waterscape,chset_z010_def2,
btsc05019,,Sunleth Waterscape,chset_z010_def2,
btsc05018,,Sunleth Waterscape,chset_z010_def2,
btsc05041,,Sunleth Waterscape,chset_z010_def2,
btsc05031,,Sunleth Waterscape,chset_z010_def2,
btsc05032,,Sunleth Waterscape,chset_z010_def2,
btsc05052,,Sunleth Waterscape,chset_z010_def2,
btsc05054,,Sunleth Waterscape,chset_z010_def2,
btsc05034,,Sunleth Waterscape,chset_z010_def2,
btsc05035,,Sunleth Waterscape,chset_z010_def2,
btsc05053,,Sunleth Waterscape,chset_z010_def2,
btsc05033,,Sunleth Waterscape,chset_z010_def2,
btsc05020,,Sunleth Waterscape,chset_z010_def2,
btsc05021,,Sunleth Waterscape,chset_z010_def2,
btsc05042,,Sunleth Waterscape,chset_z010_def2,
btsc05043,,Sunleth Waterscape,chset_z010_def2,
btsc05022,,Sunleth Waterscape,chset_z010_def2,
btsc05023,,Sunleth Waterscape,chset_z010_def2,
btsc05024,,Sunleth Waterscape,chset_z010_def2,
btsc07001,,Palumpolum,chset_z008_def,
btsc07002,,Palumpolum,chset_z008_def,
btsc07003,,Palumpolum,chset_z008_def,
btsc07004,,Palumpolum,chset_z008_def,
btsc07005,,Palumpolum,chset_z008_def,
btsc07007,,Palumpolum,chset_z008_def|chset_z008_c012,
btsc07059,,Palumpolum,chset_z008_def|chset_z008_c012,
btsc07008,,Palumpolum,chset_z008_def|chset_z008_c012,
btsc07051,,Palumpolum,chset_z008_def|chset_z008_c012,
btsc07009,,Palumpolum,chset_z008_c012|chset_z008_c014,
btsc07056,,Palumpolum,chset_z008_c012|chset_z008_c014,
btsc07065,,Palumpolum,chset_z008_c012|chset_z008_c014,
btsc07010,Shiva Stadium,Palumpolum,chset_z008_c020,
btsc07011,,Palumpolum,chset_z008_c030,
btsc07012,,Palumpolum,chset_z008_c030,
btsc07052,,Palumpolum,chset_z008_c030,
btsc07014,,Palumpolum,chset_z008_c030,
btsc07060,,Palumpolum,chset_z008_c030,
btsc07013,,Palumpolum,chset_z008_c030,
btsc07015,,Palumpolum,chset_z008_c030,
btsc07043,,Palumpolum,chset_z008_c060,
btsc07044,,Palumpolum,chset_z008_c060,
btsc07045,,Palumpolum,chset_z008_c060,
btsc07016,,Palumpolum,chset_z008_c075,
btsc07017,,Palumpolum,chset_z008_c075,
btsc07018,,Palumpolum,chset_z008_c075,
btsc07019,,Palumpolum,chset_z008_c075,
btsc07022,,Palumpolum,chset_z008_c075,
btsc07020,,Palumpolum,chset_z008_c075,
btsc07024,,Palumpolum,chset_z008_c075,
btsc07067,,Palumpolum,chset_z008_c075,
btsc07061,,Palumpolum,chset_z008_c100,
btsc07062,,Palumpolum,chset_z008_c100,
btsc07053,,Palumpolum,chset_z008_c100,
btsc07025,,Palumpolum,chset_z008_c100,
btsc07026,,Palumpolum,chset_z008_c100,
btsc07028,,Palumpolum,chset_z008_c100,
btsc07054,,Palumpolum,chset_z008_c100,
btsc07029,,Palumpolum,chset_z008_c100,
btsc07046,,Palumpolum,chset_z008_c130,
btsc07063,,Palumpolum,chset_z008_c130,
btsc07047,,Palumpolum,chset_z008_c130,
btsc07035,,Palumpolum,chset_z008_c130,
btsc07032,,Palumpolum,chset_z008_c130,
btsc07064,,Palumpolum,chset_z008_c130,
btsc07055,,Palumpolum,chset_z008_c150,
btsc07033,,Palumpolum,chset_z008_c150,
btsc07049,,Palumpolum,chset_z008_c150,
btsc07034,,Palumpolum,chset_z008_c150,
btsc07038,,Palumpolum,chset_z008_c192,
btsc07058,,Palumpolum,chset_z008_c192,
btsc07057,,Palumpolum,chset_z008_c192,
btsc08001,The Mall - Gunner x6,Nautilus,chset_z006_tok|chset_z006_tok2,
btsc08002,The Mall - Gunner x3 + Orion,Nautilus,chset_z006_tok|chset_z006_tok2,
btsc08009,The Mall - Metrodroid x2,Nautilus,chset_z006_tok|chset_z006_tok2,
btsc08003,The Mall - Metrodroid x1 (guarding),Nautilus,chset_z006_tok|chset_z006_tok2,
btsc08007,The Mall - Metrodroid x2 + Gunner x3,Nautilus,chset_z006_tok|chset_z006_tok2,
btsc08004,The Mall - Metrodroid x3 + Orion,Nautilus,chset_z006_tok|chset_z006_tok2,
btsc08005,Clock Tower - Orion (guarding),Nautilus,chset_z006_tok|chset_z006_tok2,
btsc08006,Clock Tower - Metrodroid x5 (guarding),Nautilus,chset_z006_tok|chset_z006_tok2,
btsc08008,Midlight Reaper mini-boss,Nautilus,chset_z006_tok,
btsc09050,,Palamecia,chset_z003_e070,
btsc09001,,Palamecia,chset_z003_e070|chset_z003_e080|chset_z003_e120,
btsc09074,,Palamecia,chset_z003_e070|chset_z003_e080|chset_z003_e120,
btsc09006,,Palamecia,chset_z003_e070|chset_z003_e080|chset_z003_e120,
btsc09002,,Palamecia,chset_z003_e070|chset_z003_e080|chset_z003_e120,
btsc09075,,Palamecia,chset_z003_e070|chset_z003_e080|chset_z003_e120,
btsc09003,,Palamecia,chset_z003_e070|chset_z003_e080|chset_z003_e120,
btsc09076,,Palamecia,chset_z003_e070|chset_z003_e080|chset_z003_e120,
btsc09004,,Palamecia,chset_z003_e070|chset_z003_e080|chset_z003_e120,
btsc09077,,Palamecia,chset_z003_e070|chset_z003_e080|chset_z003_e120,
btsc09005,,Palamecia,chset_z003_e070|chset_z003_e080|chset_z003_e120,
btsc09007,,Palamecia,chset_z003_e080|chset_z003_e120,
btsc09051,,Palamecia,chset_z003_e080|chset_z003_e120,
btsc09008,,Palamecia,chset_z003_e080|chset_z003_e120,
btsc09009,,Palamecia,chset_z003_e080|chset_z003_e120,
btsc09010,,Palamecia,chset_z003_e080|chset_z003_e120,
btsc09011,,Palamecia,chset_z003_e080|chset_z003_e120,
btsc09012,,Palamecia,chset_z003_e080|chset_z003_e120,
btsc09052,,Palamecia,chset_z003_e080|chset_z003_e120,
btsc09024,,Palamecia,chset_z003_e080|chset_z003_e120,
btsc09053,,Palamecia,chset_z003_e080|chset_z003_e120,
btsc09025,,Palamecia,chset_z003_e080|chset_z003_e120,
btsc09054,,Palamecia,chset_z003_e080|chset_z003_e120,
btsc09013,,Palamecia,chset_z003_e090,
btsc09014,,Palamecia,chset_z003_e090,
btsc09015,,Palamecia,chset_z003_e090,
btsc09016,,Palamecia,chset_z003_e090,
btsc09017,,Palamecia,chset_z003_e090,
btsc09018,,Palamecia,chset_z003_e120,
btsc09021,,Palamecia,chset_z003_e120,
btsc09060,,Palamecia,chset_z003_e120,
btsc09061,,Palamecia,chset_z003_e120,
btsc09057,,Palamecia,chset_z003_e120,
btsc09019,,Palamecia,chset_z003_e120,
btsc09056,,Palamecia,chset_z003_e120,
btsc09020,,Palamecia,chset_z003_e120,
btsc09059,,Palamecia,chset_z003_e120,
btsc09058,,Palamecia,chset_z003_e120,
btsc09023,,Palamecia,chset_z003_e120,
btsc09022,,Palamecia,chset_z003_e120,
btsc09033,,Palamecia,chset_z003_e150,
btsc09031,,Palamecia,chset_z003_e150,
btsc09032,,Palamecia,chset_z003_e150,
btsc09030,,Palamecia,chset_z003_e150,
btsc09034,,Palamecia,chset_z003_e150,
btsc09027,,Palamecia,chset_z003_e150,
btsc09026,,Palamecia,chset_z003_e150,
btsc09062,,Palamecia,chset_z003_e170,
btsc09035,,Palamecia,chset_z003_e170,
btsc09036,,Palamecia,chset_z003_e170,
btsc09028,,Palamecia,chset_z003_e170,
btsc09029,,Palamecia,chset_z003_e170,
btsc09037,,Palamecia,chset_z003_e170,
btsc09063,,Palamecia,chset_z003_e170,
btsc09067,,Palamecia,chset_z003_e170,
btsc09038,,Palamecia,chset_z003_e170,
btsc09068,,Palamecia,chset_z003_e170,
btsc09039,,Palamecia,chset_z003_e170,
btsc09070,,Palamecia,chset_z003_e170,
btsc09069,,Palamecia,chset_z003_e170,
btsc09071,,Palamecia,chset_z003_e170,
btsc09065,,Palamecia,chset_z003_e170,
btsc09040,,Palamecia,chset_z003_e170,
btsc09043,,Palamecia,chset_z003_f220,
btsc09046,,Palamecia,chset_z003_f220,
btsc09045,,Palamecia,chset_z003_f220,
btsc09072,,Palamecia,chset_z003_f220,
btsc09044,,Palamecia,chset_z003_f220,
btsc09047,,Palamecia,chset_z003_f220,
btsc09049,,Palamecia,chset_z003_f220,
btsc09073,,Palamecia,chset_z003_f220,
btsc09048,,Palamecia,chset_z003_f220,
btsc10034,Secondary Role Unlock Fight,Fifth Ark,chset_z018_020,
btsc10001,,Fifth Ark,chset_z018_020,
btsc10002,,Fifth Ark,chset_z018_020,
btsc10003,,Fifth Ark,chset_z018_020,
btsc10004,,Fifth Ark,chset_z018_020|chset_z018_030,
btsc10007,,Fifth Ark,chset_z018_020|chset_z018_030,
btsc10005,,Fifth Ark,chset_z018_020|chset_z018_030,
btsc10006,,Fifth Ark,chset_z018_020|chset_z018_030,
btsc10008,,Fifth Ark,chset_z018_020|chset_z018_030,
btsc10009,,Fifth Ark,chset_z018_030,
btsc10010,,Fifth Ark,chset_z018_030,
btsc10011,,Fifth Ark,chset_z018_030,
btsc10014,,Fifth Ark,chset_z018_030,
btsc10015,,Fifth Ark,chset_z018_030,
btsc10016,,Fifth Ark,chset_z018_030,
btsc10017,,Fifth Ark,chset_z018_030,
btsc10013,,Fifth Ark,chset_z018_030,
btsc10012,,Fifth Ark,chset_z018_030,
btsc10018,,Fifth Ark,chset_z018_030,
btsc10019,,Fifth Ark,chset_z018_030,
btsc10057,,Fifth Ark,chset_z018_030|chset_z018_040,
btsc10058,,Fifth Ark,chset_z018_030|chset_z018_040,
btsc10023,,Fifth Ark,chset_z018_040|chset_z018_045,
btsc10024,,Fifth Ark,chset_z018_040|chset_z018_045,
btsc10025,,Fifth Ark,chset_z018_040|chset_z018_045,
btsc10026,,Fifth Ark,chset_z018_040|chset_z018_045,
btsc10027,,Fifth Ark,chset_z018_040|chset_z018_045,
btsc10028,,Fifth Ark,chset_z018_040|chset_z018_045,
btsc10029,,Fifth Ark,chset_z018_040|chset_z018_045,
btsc10030,,Fifth Ark,chset_z018_040|chset_z018_045,
btsc10031,,Fifth Ark,chset_z018_045,
btsc10032,,Fifth Ark,chset_z018_045,
btsc10033,,Fifth Ark,chset_z018_045,
btsc10055,,Fifth Ark,chset_z018_080,
btsc10036,,Fifth Ark,chset_z018_080,
btsc10037,,Fifth Ark,chset_z018_080,
btsc10042,,Fifth Ark,chset_z018_080,
btsc10040,,Fifth Ark,chset_z018_080,
btsc10043,,Fifth Ark,chset_z018_080,
btsc10044,,Fifth Ark,chset_z018_090|chset_z018_100,
btsc10045,,Fifth Ark,chset_z018_090|chset_z018_100,
btsc10046,,Fifth Ark,chset_z018_100,
btsc10047,,Fifth Ark,chset_z018_100,
btsc10038,,Fifth Ark,chset_z018_100,
btsc10056,,Fifth Ark,chset_z018_100,
btsc10059,,Fifth Ark,chset_z018_100,
btsc10050,,Fifth Ark,chset_z018_100,
btsc10051,,Fifth Ark,chset_z018_100,
btsc10041,,Fifth Ark,chset_z018_100,
btsc10052,,Fifth Ark,chset_z018_100,
btsc10053,,Fifth Ark,chset_z018_100,
btsc12002,,Eden,chset_z019_f2,
btsc12015,,Eden,chset_z019_f2,
btsc12003,,Eden,chset_z019_f2,
btsc12004,,Eden,chset_z019_f3,
btsc12005,,Eden,chset_z019_f3,
btsc12006,,Eden,chset_z019_f3,
btsc12007,,Eden,chset_z019_f3,
btsc12008,,Eden,chset_z019_f4,
btsc12009,,Eden,chset_z019_f4_1,
btsc12016,,Eden,chset_z019_f4_1,
btsc12010,,Eden,chset_z019_f4_1,
btsc12011,,Eden,chset_z019_f5,
btsc12012,,Eden,chset_z019_f5,
btsc12017,,Eden,chset_z019_f5,
btsc12013,,Eden,chset_z019_f5,
btsc12034,,Eden,chset_z019_f6,
btsc12019,,Eden,chset_z019_f6_1,
btsc12020,,Eden,chset_z019_f6_1,
btsc12021,,Eden,chset_z019_f6_2,
btsc12022,,Eden,chset_z019_f6_2,
btsc12023,,Eden,chset_z019_f6_2,
btsc12024,,Eden,chset_z019_f6_2,
btsc12065,,Eden,chset_z019_f6_2,
btsc12025,,Eden,chset_z019_f6_2,
btsc12026,,Eden,chset_z019_f6_2,
btsc12027,,Eden,chset_z019_f6_2,
btsc12028,,Eden,chset_z019_f7,
btsc12029,,Eden,chset_z019_f7,
btsc12030,,Eden,chset_z019_f7,
btsc12031,,Eden,chset_z019_f7_1,
btsc12039,,Eden,chset_z019_f7_1,
btsc12040,,Eden,chset_z019_f7_1,
btsc12038,,Eden,chset_z019_f7_1,
btsc12037,,Eden,chset_z019_f7_1,
btsc12032,,Eden,chset_z019_f7,
btsc12062,,Eden,chset_z019_f7_1,
btsc12033,,Eden,chset_z019_f7_1,
btsc12036,,Eden,chset_z019_f7_1,
btsc12035,,Eden,chset_z019_f7_1,
btsc12041,,Eden,chset_z019_f7_1,
btsc12043,,Eden,chset_z019_f8_1|chset_z019_f8_2,
btsc12044,,Eden,chset_z019_f8_2,
btsc12045,,Eden,chset_z019_f8_2,
btsc12046,,Eden,chset_z019_f8_2,
btsc12063,,Eden,chset_z019_f8_2,
btsc12047,,Eden,chset_z019_f8_2,
btsc12048,,Eden,chset_z019_f8_2,
btsc12064,,Eden,chset_z019_f8_2,
btsc12049,,Eden,chset_z019_f8_2,
btsc12050,,Eden,chset_z019_f8_2,
btsc12051,,Eden,chset_z019_f8_2,
btsc12052,,Eden,chset_z019_f8_2,
btsc12053,,Eden,chset_z019_f9_1,
btsc12054,,Eden,chset_z019_f9_1,
btsc12055,,Eden,chset_z019_f9_1,
btsc12056,,Eden,chset_z019_f9_1,
btsc12061,,Eden,chset_z019_f9_1,
btsc12057,,Eden,chset_z019_f9_1,
btsc12058,,Eden,chset_z019_f9_1,
btsc12059,,Eden,chset_z019_f9_1,
btsc12060,,Eden,chset_z019_f9_1,
btsc12066,,Eden,chset_z019_f9_1,
btsc12105,,Orphan's Cradle,chset_z029_ev1|chset_z029_def|chset_z029_def1|chset_z029_def2|chset_z029_def3,
btsc12101,,Orphan's Cradle,chset_z029_ev1|chset_z029_def|chset_z029_def1|chset_z029_def2|chset_z029_def3,
btsc12108,,Orphan's Cradle,chset_z029_def,
btsc12109,,Orphan's Cradle,chset_z029_def,
btsc12110,,Orphan's Cradle,chset_z029_def,
btsc12111,,Orphan's Cradle,chset_z029_def,
btsc12112,,Orphan's Cradle,chset_z029_def,
btsc12113,,Orphan's Cradle,chset_z029_def,
btsc12114,,Orphan's Cradle,chset_z029_def,
btsc12115,,Orphan's Cradle,chset_z029_def,
btsc12116,,Orphan's Cradle,chset_z029_def,
btsc12118,,Orphan's Cradle,chset_z029_def,
btsc12119,,Orphan's Cradle,chset_z029_def,
btsc12117,,Orphan's Cradle,chset_z029_def,
btsc12120,,Orphan's Cradle,chset_z029_def1,
btsc12121,,Orphan's Cradle,chset_z029_def1,
btsc12122,,Orphan's Cradle,chset_z029_def1,
btsc12123,,Orphan's Cradle,chset_z029_def1,
btsc12127,,Orphan's Cradle,chset_z029_def1,
btsc12128,,Orphan's Cradle,chset_z029_def1,
btsc12124,,Orphan's Cradle,chset_z029_def1,
btsc12125,,Orphan's Cradle,chset_z029_def1,
btsc12126,,Orphan's Cradle,chset_z029_def1,
btsc12081,,Orphan's Cradle,chset_z029_def1,
btsc12129,,Orphan's Cradle,chset_z029_def2,
btsc12130,,Orphan's Cradle,chset_z029_def2,
btsc12132,,Orphan's Cradle,chset_z029_def2,
btsc12134,,Orphan's Cradle,chset_z029_def2,
btsc12133,,Orphan's Cradle,chset_z029_def2,
btsc12131,,Orphan's Cradle,chset_z029_def2,
btsc12084,,Orphan's Cradle,chset_z029_def2,
btsc12139,,Orphan's Cradle,chset_z029_def3,
btsc12136,,Orphan's Cradle,chset_z029_def3,
btsc12137,,Orphan's Cradle,chset_z029_def3,
btsc12138,,Orphan's Cradle,chset_z029_def3,
btsc11101,,Vallis Media,chset_z021_ev2|chset_z021_def2,
btsc11102,,Vallis Media,chset_z021_ev2|chset_z021_def2,
btsc11104,Mission 3,Yaschas Massif,chset_z021_ev2|chset_z021_def2,Mission
btsc11105,,Vallis Media,chset_z021_ev2|chset_z021_def2,
btsc11106,,Vallis Media,chset_z021_ev2|chset_z021_def2,
btsc11107,,Vallis Media,chset_z021_ev2|chset_z021_def2,
btsc11108,,Vallis Media,chset_z021_ev2|chset_z021_def2,
btsc11223,,Archylte Steppe,chset_z023_de6b|chset_z023_def6|chset_z023_de1b|chset_z023_def1,
btsc11346,,Archylte Steppe,chset_z023_de6b|chset_z023_def6|chset_z023_de1b|chset_z023_def1,
btsc11244,,Archylte Steppe,chset_z023_de6b|chset_z023_def6|chset_z023_de1b|chset_z023_def1,
btsc11284,,Archylte Steppe,chset_z023_de6b|chset_z023_def6|chset_z023_de1b|chset_z023_def1,
btsc11255,,Archylte Steppe,chset_z023_de6b|chset_z023_def6|chset_z023_de1b|chset_z023_def1,
btsc11285,,Archylte Steppe,chset_z023_de6b|chset_z023_def6|chset_z023_de1b|chset_z023_def1,
btsc11221,,Archylte Steppe,chset_z023_de6b|chset_z023_def6|chset_z023_de1b|chset_z023_def1,
btsc11286,,Archylte Steppe,chset_z023_de6b|chset_z023_def6|chset_z023_de1b|chset_z023_def1,
btsc11224,,Archylte Steppe,chset_z023_de6b|chset_z023_def6|chset_z023_de1b|chset_z023_def1,
btsc11232,,Archylte Steppe,chset_z023_de6b|chset_z023_def6|chset_z023_de1b|chset_z023_def1,
btsc11207,,Archylte Steppe,chset_z023_de6b|chset_z023_def6|chset_z023_de1b|chset_z023_def1,
btsc11245,,Archylte Steppe,chset_z023_de6b|chset_z023_def6|chset_z023_de1b|chset_z023_def1,
btsc11288,,Archylte Steppe,chset_z023_de6b|chset_z023_def6|chset_z023_de1b|chset_z023_def1,
btsc11214,,Archylte Steppe,chset_z023_de6b|chset_z023_def6|chset_z023_de1b|chset_z023_def1,
btsc11315,,Archylte Steppe,chset_z023_de6b|chset_z023_def6|chset_z023_de1b|chset_z023_def1,
btsc11215,,Archylte Steppe,chset_z023_de6b|chset_z023_def6|chset_z023_de1b|chset_z023_def1,
btsc11314,,Archylte Steppe,chset_z023_de6b|chset_z023_def6|chset_z023_de1b|chset_z023_def1,
btsc11287,,Archylte Steppe,chset_z023_de6b|chset_z023_def6|chset_z023_de1b|chset_z023_def1,
btsc11273,,Archylte Steppe,chset_z023_de6b|chset_z023_def6|chset_z023_de1b|chset_z023_def1,
btsc11283,,Archylte Steppe,chset_z023_de6b|chset_z023_def6|chset_z023_de1b|chset_z023_def1,
btsc11222,,Archylte Steppe,chset_z023_de6b|chset_z023_def6|chset_z023_de1b|chset_z023_def1,
btsc11235,,Archylte Steppe,chset_z023_de6b|chset_z023_def6|chset_z023_de1b|chset_z023_def1,
btsc11313,,Archylte Steppe,chset_z023_de6b|chset_z023_def6|chset_z023_de1b|chset_z023_def1,
btsc11239,,Archylte Steppe,chset_z023_de6b|chset_z023_def6|chset_z023_de1b|chset_z023_def1,
btsc11238,,Archylte Steppe,chset_z023_de6b|chset_z023_def6|chset_z023_de1b|chset_z023_def1,
btsc11316,,Archylte Steppe,chset_z023_de6b|chset_z023_def6|chset_z023_de1b|chset_z023_def1,
btsc11243,,Archylte Steppe,chset_z023_de6b|chset_z023_def6|chset_z023_de1b|chset_z023_def1,
btsc11248,,Archylte Steppe,chset_z023_de6b|chset_z023_def6|chset_z023_de1b|chset_z023_def1,
btsc11246,,Archylte Steppe,chset_z023_de6b|chset_z023_def6|chset_z023_de1b|chset_z023_def1,
btsc11280,,Archylte Steppe,chset_z023_de6b|chset_z023_def6|chset_z023_de1b|chset_z023_def1,
btsc11312,,Archylte Steppe,chset_z023_de6b|chset_z023_def6|chset_z023_de1b|chset_z023_def1,
btsc11229,,Archylte Steppe,chset_z023_de6b|chset_z023_def6|chset_z023_de1b|chset_z023_def1,
btsc11202,,Archylte Steppe,chset_z023_de6b|chset_z023_def6|chset_z023_de1b|chset_z023_def1,
btsc11225,,Archylte Steppe,chset_z023_de6b|chset_z023_def6|chset_z023_de1b|chset_z023_def1,
btsc11345,,Archylte Steppe,chset_z023_de6b|chset_z023_def6|chset_z023_de1b|chset_z023_def1,
btsc11269,,Archylte Steppe,chset_z023_de6b|chset_z023_def6|chset_z023_de1b|chset_z023_def1,
btsc11275,,Archylte Steppe,chset_z023_de6b|chset_z023_def6|chset_z023_de1b|chset_z023_def1,
btsc11213,,Archylte Steppe,chset_z023_de6b|chset_z023_def6|chset_z023_de1b|chset_z023_def1,
btsc11201,,Archylte Steppe,chset_z023_de6b|chset_z023_def6|chset_z023_de1b|chset_z023_def1,
btsc11251,,Archylte Steppe,chset_z023_de6b|chset_z023_def6|chset_z023_de1b|chset_z023_def1,
btsc11281,,Archylte Steppe,chset_z023_de6b|chset_z023_def6|chset_z023_de1b|chset_z023_def1,
btsc11250,Archylte Adamantortoise,Archylte Steppe,chset_z023_de6b|chset_z023_def6|chset_z023_de1b|chset_z023_def1,
btsc11210,,Archylte Steppe,chset_z023_de6b|chset_z023_def6|chset_z023_de1b|chset_z023_def1,
btsc11335,,Archylte Steppe,chset_z023_de6b|chset_z023_def6|chset_z023_de1b|chset_z023_def1,
btsc11209,,Archylte Steppe,chset_z023_de6b|chset_z023_def6|chset_z023_de1b|chset_z023_def1,
btsc11252,,Archylte Steppe,chset_z023_de6b|chset_z023_def6|chset_z023_de1b|chset_z023_def1,
btsc11254,,Archylte Steppe,chset_z023_de6b|chset_z023_def6|chset_z023_de1b|chset_z023_def1,
btsc11310,,Archylte Steppe,chset_z023_de6b|chset_z023_def6|chset_z023_de1b|chset_z023_def1,
btsc11278,,Archylte Steppe,chset_z023_de6b|chset_z023_def6|chset_z023_de1b|chset_z023_def1,
btsc11297,,Archylte Steppe,chset_z023_de6b|chset_z023_def6|chset_z023_de1b|chset_z023_def1,
btsc11274,,Archylte Steppe,chset_z023_de6b|chset_z023_def6|chset_z023_de1b|chset_z023_def1,
btsc11253,,Archylte Steppe,chset_z023_de6b|chset_z023_def6|chset_z023_de1b|chset_z023_def1,
btsc11212,,Archylte Steppe,chset_z023_de6b|chset_z023_def6|chset_z023_de1b|chset_z023_def1,
btsc11208,,Archylte Steppe,chset_z023_de6b|chset_z023_def6|chset_z023_de1b|chset_z023_def1,
btsc11282,,Archylte Steppe,chset_z023_de6b|chset_z023_def6|chset_z023_de1b|chset_z023_def1,
btsc11334,,Archylte Steppe,chset_z023_de6b|chset_z023_def6|chset_z023_de1b|chset_z023_def1,
btsc11311,,Archylte Steppe,chset_z023_de6b|chset_z023_def6|chset_z023_de1b|chset_z023_def1,
btsc11290,,Archylte Steppe,chset_z023_de8b|chset_z023_def8,
btsc11291,,Archylte Steppe,chset_z023_de8b|chset_z023_def8,
btsc11231,,Archylte Steppe,chset_z023_de8b|chset_z023_def8,
btsc11292,,Archylte Steppe,chset_z023_de8b|chset_z023_def8,
btsc11233,,Archylte Steppe,chset_z023_de8b|chset_z023_def8,
btsc11234,,Archylte Steppe,chset_z023_de8b|chset_z023_def8,
btsc11289,,Archylte Steppe,chset_z023_de8b|chset_z023_def8,
btsc11336,,Archylte Steppe,chset_z023_de8b|chset_z023_def8,
btsc11294,,Archylte Steppe,chset_z023_de8b|chset_z023_def8,
btsc11296,,Archylte Steppe,chset_z023_de8b|chset_z023_def8,
btsc11299,,Archylte Steppe,chset_z023_de8b|chset_z023_def8,
btsc11298,,Archylte Steppe,chset_z023_de8b|chset_z023_def8,
btsc11205,,Archylte Steppe,chset_z023_de8b|chset_z023_def8,
btsc11295,,Archylte Steppe,chset_z023_de8b|chset_z023_def8,
btsc11300,,Archylte Steppe,chset_z023_de8b|chset_z023_def8,
btsc11293,,Archylte Steppe,chset_z023_de8b|chset_z023_def8,
btsc11318,,Archylte Steppe,chset_z023_de8b|chset_z023_def8,
btsc11343,,Archylte Steppe,chset_z023_de8b|chset_z023_def8,
btsc11226,,Archylte Steppe,chset_z023_de8b|chset_z023_def8,
btsc11301,,Archylte Steppe,chset_z023_de6b|chset_z023_def6|chset_z023_de1b|chset_z023_def1,
btsc11206,,Archylte Steppe,chset_z023_de6b|chset_z023_def6|chset_z023_de1b|chset_z023_def1,
btsc11342,,Archylte Steppe,chset_z023_de6b|chset_z023_def6|chset_z023_de1b|chset_z023_def1,
btsc11308,,Archylte Steppe,chset_z023_de6b|chset_z023_def6|chset_z023_de1b|chset_z023_def1,
btsc11339,,Archylte Steppe,chset_z023_de6b|chset_z023_def6|chset_z023_de1b|chset_z023_def1,
btsc11242,,Archylte Steppe,chset_z023_de6b|chset_z023_def6|chset_z023_de1b|chset_z023_def1,
btsc11236,,Archylte Steppe,chset_z023_de6b|chset_z023_def6|chset_z023_de1b|chset_z023_def1,
btsc11247,,Archylte Steppe,chset_z023_de6b|chset_z023_def6|chset_z023_de1b|chset_z023_def1,
btsc11241,,Archylte Steppe,chset_z023_de6b|chset_z023_def6|chset_z023_de1b|chset_z023_def1,
btsc11204,,Archylte Steppe,chset_z023_de6b|chset_z023_def6|chset_z023_de1b|chset_z023_def1,
btsc11240,,Archylte Steppe,chset_z023_de6b|chset_z023_def6|chset_z023_de1b|chset_z023_def1,
btsc11237,,Archylte Steppe,chset_z023_de6b|chset_z023_def6|chset_z023_de1b|chset_z023_def1,
btsc11227,,Archylte Steppe,chset_z023_de6b|chset_z023_def6|chset_z023_de1b|chset_z023_def1,
btsc11228,,Archylte Steppe,chset_z023_de6b|chset_z023_def6|chset_z023_de1b|chset_z023_def1,
btsc11451,,Mah'habara,chset_z022_def1,
btsc11401,,Mah'habara,chset_z022_def1,
btsc11402,,Mah'habara,chset_z022_def1,
btsc11434,,Mah'habara,chset_z022_def1,
btsc11435,,Mah'habara,chset_z022_def1,
btsc11436,,Mah'habara,chset_z022_def1,
btsc11405,,Mah'habara,chset_z022_def1,
btsc11406,,Mah'habara,chset_z022_a021,
btsc11404,,Mah'habara,chset_z022_def1,
btsc11407,,Mah'habara,chset_z022_def1,
btsc11458,,Mah'habara,chset_z022_def1,
btsc11408,,Mah'habara,chset_z022_def1,
btsc11409,,Mah'habara,chset_z022_def8|chset_z022_def3,
btsc11411,,Mah'habara,chset_z022_def3,
btsc11410,,Mah'habara,chset_z022_def3,
btsc11437,,Mah'habara,chset_z022_def3,
btsc11441,,Mah'habara,chset_z022_def4,
btsc11442,,Mah'habara,chset_z022_def4,
btsc11414,,Mah'habara,chset_z022_def4,
btsc11415,,Mah'habara,chset_z022_def4,
btsc11444,,Mah'habara,chset_z022_def4,
btsc11446,,Mah'habara,chset_z022_def4,
btsc11417,,Mah'habara,chset_z022_def4,
btsc11447,,Mah'habara,chset_z022_def5,
btsc11418,,Mah'habara,chset_z022_def5,
btsc11501,,Sulyya Springs,chset_z024_def1,
btsc11506,,Sulyya Springs,chset_z024_def1,
btsc11502,,Sulyya Springs,chset_z024_def1,
btsc11503,,Sulyya Springs,chset_z024_def1,
btsc11504,,Sulyya Springs,chset_z024_def1,
btsc11507,,Sulyya Springs,chset_z024_def1,
btsc11509,,Sulyya Springs,chset_z024_def1,
btsc11505,,Sulyya Springs,chset_z024_def1,
btsc11601,,Taejin's Tower,chset_z026_o,
btsc11602,,Taejin's Tower,chset_z026_o,
btsc11603,,Taejin's Tower,chset_z026_o,
btsc11604,,Taejin's Tower,chset_z026_o,
btsc11605,,Taejin's Tower,chset_z026_o,
btsc11640,,Taejin's Tower,chset_z026_o,
btsc11642,,Taejin's Tower,chset_z026_o,
btsc11643,,Taejin's Tower,chset_z026_o,
btsc11606,,Taejin's Tower,chset_z026_2f,
btsc11609,,Taejin's Tower,chset_z026_2f,
btsc11607,,Taejin's Tower,chset_z026_2f,
btsc11608,,Taejin's Tower,chset_z026_2f,
btsc11611,Mission 21,Taejin's Tower,chset_z026_2f,Mission
btsc11613,Mission 22,Taejin's Tower,chset_z026_2f,Mission
btsc11612,Mission 23,Taejin's Tower,chset_z026_2f,Mission
btsc11610,,Taejin's Tower,chset_z026_2f,
btsc11614,,Taejin's Tower,chset_z026_2f,
btsc11615,,Taejin's Tower,chset_z026_2f,
btsc11617,,Taejin's Tower,chset_z026_3f,
btsc11621,,Taejin's Tower,chset_z026_4f,
btsc11622,,Taejin's Tower,chset_z026_4f,
btsc11623,,Taejin's Tower,chset_z026_4f,
btsc11624,,Taejin's Tower,chset_z026_4f,
btsc11616,,Taejin's Tower,chset_z026_3f,
btsc11638,,Taejin's Tower,chset_z026_4f,
btsc11619,,Taejin's Tower,chset_z026_4f,
btsc11620,Mission 24,Taejin's Tower,chset_z026_4f,Mission
btsc11625,,Taejin's Tower,chset_z026_4f,
btsc11626,Mission 25,Taejin's Tower,chset_z026_4f,Mission
btsc11632,,Taejin's Tower,chset_z026_4f,
btsc11627,Mission 26,Taejin's Tower,chset_z026_4f,Mission
btsc11631,,Taejin's Tower,chset_z026_4f,
btsc11629,,Taejin's Tower,chset_z026_4f,
btsc11633,,Taejin's Tower,chset_z026_4f,
btsc11634,,Taejin's Tower,chset_z026_4f,
btsc11645,,Taejin's Tower,chset_z026_5f,
btsc11646,,Taejin's Tower,chset_z026_5f,
btsc11644,,Taejin's Tower,chset_z026_5f,
btsc11636,,Taejin's Tower,chset_z026_k,
btsc11710,,Oerba,chset_z027_def3,
btsc11711,,Oerba,chset_z027_def3,
btsc11712,,Oerba,chset_z027_def3,
btsc11713,,Oerba,chset_z027_def3,
btsc11717,,Oerba,chset_z027_def3,
btsc11718,,Oerba,chset_z027_def3,
btsc11714,,Oerba,chset_z027_def3,
btsc11701,,Oerba,chset_z027_def3,
btsc11715,,Oerba,chset_z027_def3,
btsc11702,,Oerba,chset_z027_def3,
btsc11716,,Oerba,chset_z027_def3,
btsc11720,,Oerba,chset_z027_def3,
btsc11704,,Oerba,chset_z027_def3,
btsc11721,,Oerba,chset_z027_def3,
btsc11703,,Oerba,chset_z027_def3,
btsc11705,,Oerba,chset_z027_def3,
btsc11724,,Oerba,chset_z027_def3,
btsc11706,,Oerba,chset_z027_def3,
btsc11707,,Oerba,chset_z027_def3,
btsc11455,Mission 10,Archylte Steppe,chset_z023_de6b|chset_z023_def6|chset_z023_de1b|chset_z023_def1,
btsc14454,Mission 2,Archylte Steppe,chset_z023_de6b|chset_z023_def6|chset_z023_de1b|chset_z023_def1,Mission
btsc11109,,Vallis Media,chset_z021_def2,
btsc11110,,Vallis Media,chset_z021_def2,
btsc11001,,Yaschas Massif,chset_z020_def1,
btsc11004,,Yaschas Massif,chset_z020_def1,
btsc11006,,Yaschas Massif,chset_z020_def1,
btsc11003,,Yaschas Massif,chset_z020_def1,
btsc11005,,Yaschas Massif,chset_z020_def1,
btsc11007,,Yaschas Massif,chset_z020_def1,
btsc11008,,Yaschas Massif,chset_z020_def1,
btsc11010,,Yaschas Massif,chset_z020_def1,
btsc11009,,Yaschas Massif,chset_z020_def1,
btsc11012,,Yaschas Massif,chset_z020_def1,
btsc11013,,Yaschas Massif,chset_z020_def1,
btsc11014,,Yaschas Massif,chset_z020_def1,
btsc11015,,Yaschas Massif,chset_z020_def1,
btsc11016,,Yaschas Massif,chset_z020_def1,
btsc11018,,Yaschas Massif,chset_z020_def2,
btsc11019,,Yaschas Massif,chset_z020_def2,
btsc11020,,Yaschas Massif,chset_z020_def2,
btsc11021,,Yaschas Massif,chset_z020_def2,
btsc11022,,Yaschas Massif,chset_z020_def2,
btsc11023,Mission 4,Yaschas Massif,chset_z020_def2,Mission
btsc11011,Mission 5,Yaschas Massif,chset_z020_def1,Mission
btsc11024,,Yaschas Massif,chset_z020_def2,
btsc11025,,Yaschas Massif,chset_z020_def2,
btsc11026,,Yaschas Massif,chset_z020_def3,
btsc11027,,Yaschas Massif,chset_z020_def3,
btsc11031,,Yaschas Massif,chset_z020_def3,
btsc11032,,Yaschas Massif,chset_z020_def3,
btsc11030,,Yaschas Massif,chset_z020_def3,
btsc11028,,Yaschas Massif,chset_z020_def3,
btsc11034,,Yaschas Massif,chset_z020_def3|chset_z020_def4,
btsc11029,Mission 6,Yaschas Massif,chset_z020_def3,Mission
btsc11037,,Yaschas Massif,chset_z020_def4,
btsc11039,,Yaschas Massif,chset_z020_def4,
btsc11043,,Yaschas Massif,chset_z020_def4,
btsc11040,,Yaschas Massif,chset_z020_def4,
btsc11035,Mission 7,Yaschas Massif,chset_z020_def5,Mission
btsc11130,Mission 8,Vallis Media,chset_z021_def2,Mission
btsc14455,Mission 1,Archylte Steppe,chset_z023_def1|chset_z023_de1b,Mission
btsc14453,Mission 9,Archylte Steppe,chset_z023_def1|chset_z023_de1b,Mission
btsc14437,Mission 10 maybe,Archylte Steppe,chset_z023_de8b|chset_z023_def8,Mission
btsc14457,Mission 12,Archylte Steppe,chset_z023_de8b|chset_z023_def8,Mission
btsc14452,Mission 11,Archylte Steppe,chset_z023_def1|chset_z023_de1b,Mission
btsc14449,,Archylte Steppe,chset_z023_de8b|chset_z023_def8,
btsc14450,,Archylte Steppe,chset_z023_de8b|chset_z023_def8,
btsc14451,,Archylte Steppe,chset_z023_de8b|chset_z023_def8,
btsc11448,,Archylte Steppe,chset_z023_de8b|chset_z023_def8,
btsc14447,,Archylte Steppe,chset_z023_de8b|chset_z023_def8,
btsc14446,Mission 13 maybe,Archylte Steppe,chset_z023_de8b|chset_z023_def8,Mission
btsc11277,,Archylte Steppe,chset_z023_def1|chset_z023_def4,
btsc11259,,Archylte Steppe,chset_z023_def4,
btsc11258,,Archylte Steppe,chset_z023_def4,
btsc11256,,Archylte Steppe,chset_z023_def4,
btsc11257,,Archylte Steppe,chset_z023_def4,
btsc11260,,Archylte Steppe,chset_z023_def4,
btsc14456,Mission 14,Archylte Steppe,chset_z023_a031,Mission
btsc11337,,Archylte Steppe,chset_z023_de6b|chset_z023_def6|chset_z023_de1b|chset_z023_def1,
btsc11445,,Archylte Steppe,chset_z023_de6b|chset_z023_def6|chset_z023_de1b|chset_z023_def1,
btsc14443,Mission 16,Archylte Steppe,chset_z023_def4,Mission
btsc14436,Mission 17,Archylte Steppe,chset_z023_de6b|chset_z023_def6|chset_z023_de1b|chset_z023_def1,Mission
btsc11456,Mission 18,Mah'habara,chset_z022_def3,Mission
btsc11508,Mission 19,Sulyya Springs,chset_z024_def1,Mission
btsc11637,Mission 20,Taejin's Tower,chset_z026_o,Mission
btsc11630,Mission 27,Taejin's Tower,chset_z026_o,Mission
btsc11722,Mission 28,Oerba,chset_z027_def3,Mission
btsc11639,Mission 29,Taejin's Tower,chset_z026_o,Mission
btsc11340,,Archylte Steppe,chset_z023_def2,
btsc11220,,Archylte Steppe,chset_z023_def2,
btsc11218,,Archylte Steppe,chset_z023_def2,
btsc11217,,Archylte Steppe,chset_z023_def2,
btsc11219,,Archylte Steppe,chset_z023_def2,
btsc11270,,Archylte Steppe,chset_z023_def2|chset_z023_def3,
btsc11420,,Mah'habara,chset_z022_def2,
btsc11422,,Mah'habara,chset_z022_def2,
btsc11449,,Mah'habara,chset_z022_def2,
btsc11454,,Mah'habara,chset_z022_def2,
btsc11425,,Mah'habara,chset_z022_def7,
btsc11450,,Mah'habara,chset_z022_def7,
btsc11453,,Mah'habara,chset_z022_def7,
btsc11452,,Mah'habara,chset_z022_def7,
btsc11464,,Mah'habara,chset_z022_def7,
btsc11426,,Mah'habara,chset_z022_def7,
btsc11421,,Mah'habara,chset_z022_def2,
btsc11428,,Mah'habara,chset_z022_def6,
btsc11429,,Mah'habara,chset_z022_def6,
btsc11459,,Mah'habara,chset_z022_def6,
btsc11460,,Mah'habara,chset_z022_def6,
btsc11461,,Mah'habara,chset_z022_def6,
btsc11462,,Mah'habara,chset_z022_def6,
btsc11463,,Mah'habara,chset_z022_def6,
btsc11431,,Mah'habara,chset_z022_def6,
btsc11432,,Mah'habara,chset_z022_def6,
btsc11433,Mission 30,Mah'habara,chset_z022_def6,Mission
btsc11261,,Archylte Steppe,chset_z023_def3,
btsc11264,,Archylte Steppe,chset_z023_def3,
btsc11265,,Archylte Steppe,chset_z023_def3,
btsc11341,,Archylte Steppe,chset_z023_def3,
btsc11347,,Archylte Steppe,chset_z023_def3,
btsc11271,,Archylte Steppe,chset_z023_def3,
btsc11262,Mission 13 maybe,Archylte Steppe,chset_z023_def3,
btsc11263,Mission 13 maybe,Archylte Steppe,chset_z023_def3,
btsc11267,,Archylte Steppe,chset_z023_def3,
btsc11272,,Archylte Steppe,chset_z023_def3,
btsc11268,,Archylte Steppe,chset_z023_def3,
btsc11266,,Archylte Steppe,chset_z023_def3,
btsc14438,Mission 31,Archylte Steppe,chset_z023_def3,Mission
btsc14444,Mission 32,Archylte Steppe,chset_z023_de8b|chset_z023_def8,Mission
btsc14442,Mission 33,Archylte Steppe,chset_z023_de6b|chset_z023_def6|chset_z023_de1b|chset_z023_def1,Mission
btsc14458,Mission 34,Archylte Steppe,chset_z023_def3,Mission
btsc11836,Mission 35,Faultwarrens,chset_z030_b2,Mission
btsc11829,Mission 37,Faultwarrens,chset_z030_b4,Mission
btsc11814,Mission 40,Faultwarrens,chset_z030_b5b,Mission
btsc11828,Mission 44,Faultwarrens,chset_z030_b8,Mission
btsc11858,,Faultwarrens,chset_z030_b8,
btsc11835,Mission 50,Faultwarrens,chset_z030_b9f,Mission
btsc11825,,Faultwarrens,chset_z030_b7,
btsc11855,,Faultwarrens,chset_z030_b7,
btsc11824,Mission 43,Faultwarrens,chset_z030_b7,Mission
btsc11853,,Faultwarrens,chset_z030_b7,
btsc11852,,Faultwarrens,chset_z030_b7,
btsc11832,Mission 49,Faultwarrens,chset_z030_b9c,Mission
btsc11837,Mission 48,Faultwarrens,chset_z030_b9a,Mission
btsc11812,Mission 39 maybe,Faultwarrens,chset_z030_b6a,Mission
btsc11818,,Faultwarrens,chset_z030_b5c,
btsc11817,,Faultwarrens,chset_z030_b5c,
btsc11845,,Faultwarrens,chset_z030_b5c,
btsc11844,,Faultwarrens,chset_z030_b5c,
btsc11823,Mission 42,Faultwarrens,chset_z030_b5c,Mission
btsc11833,Mission 47,Faultwarrens,chset_z030_b9d,Mission
btsc11831,Mission 46,Faultwarrens,chset_z030_b9b,Mission
btsc11801,Mission 36,Faultwarrens,chset_z030_b3,Mission
btsc11843,,Faultwarrens,chset_z030_b3,
btsc11807,Mission 38,Faultwarrens,chset_z030_b5a,Mission
btsc11806,,Faultwarrens,chset_z030_b5a,
btsc11859,Mission 39 maybe,Faultwarrens,chset_z030_b6b,
btsc11816,Mission 41,Faultwarrens,chset_z030_b6b,Mission
btsc11834,Mission 45,Faultwarrens,chset_z030_b9e,Mission
btsc11830,Mission 51,Faultwarrens,chset_z030_b9g,Mission
btsc14441,Mission 52,Archylte Steppe,chset_z023_de6b|chset_z023_def6|chset_z023_de1b|chset_z023_def1,Mission
btsc11002,Mission 53,Yaschas Massif,chset_z020_def3,Mission
btsc14459,Mission 54,Archylte Steppe,chset_z023_a018,Mission
btsc14439,Mission 55,Archylte Steppe,chset_z023_def2,Mission
btsc11033,Mission 56,Yaschas Massif,chset_z020_def2,Mission
btsc11131,Mission 57,Vallis Media,chset_z021_def2,Mission
btsc11465,Mission 58,Mah'habara,chset_z022_def1,Mission
btsc11510,Mission 59,Sulyya Springs,chset_z024_def1,Mission
btsc11647,Mission 60,Taejin's Tower,chset_z026_5f,Mission
btsc11723,Mission 61,Oerba,chset_z027_def3,Mission
btsc14435,Mission 62,Archylte Steppe,chset_z023_def1|chset_z023_de1b,Mission
btsc14431,,Archylte Steppe,chset_z023_de6b|chset_z023_def6|chset_z023_de1b|chset_z023_def1,
btsc14440,Mission 63,Archylte Steppe,chset_z023_de6b|chset_z023_def6|chset_z023_de1b|chset_z023_def1,Mission
btsc14430,,Archylte Steppe,chset_z023_de6b|chset_z023_def6|chset_z023_de1b|chset_z023_def1,
btsc14427,,Archylte Steppe,chset_z023_de6b|chset_z023_def6|chset_z023_de1b|chset_z023_def1,
btsc14428,,Archylte Steppe,chset_z023_de6b|chset_z023_def6|chset_z023_de1b|chset_z023_def1,
btsc14425,,Archylte Steppe,chset_z023_de6b|chset_z023_def6|chset_z023_de1b|chset_z023_def1,
btsc14429,,Archylte Steppe,chset_z023_de6b|chset_z023_def6|chset_z023_de1b|chset_z023_def1,
btsc14432,,Archylte Steppe,chset_z023_de6b|chset_z023_def6|chset_z023_de1b|chset_z023_def1,
btsc14434,,Archylte Steppe,chset_z023_de6b|chset_z023_def6|chset_z023_de1b|chset_z023_def1,
btsc14426,,Archylte Steppe,chset_z023_de6b|chset_z023_def6|chset_z023_de1b|chset_z023_def1,
btsc11036,,Yaschas Massif,chset_z020_def6,
btsc11038,,Yaschas Massif,chset_z020_def6,
btsc11042,,Yaschas Massif,chset_z020_def6,
btsc11041,Mission 64,Yaschas Massif,chset_z020_def7,Mission
